Game ID,Outcome,Team,GP,MP,GS,Goals,Shots,Shots.per.90,Shot.Accuracy,Shot.GK.Stop,Shot.Def.Stop,Shot.Miss,Shots.Blocked,Shot.Pressed,Pct.Shots.Pressed,A6.Shots,A18.Shots,A3L.Shots,A3C.Shots,A3R.Shots,Far.Shots,Assists,Key.Passes,Key.Assists,Second.Assists,Assists.per.90,Key.Passes.per.90,Big.Chances,Big.Chances.per.90,BC.Scored,BC.Conversion.Pct,BC.SOG,BC.Shot.Miss,BC.Dispossess,BC.Created,BC.Lost,Pass.Comp,Pass.Att,Pass.Att.per.90,Pass.Comp.Pct,opPass.Comp,opPass.Att,opPass.Att.per.90,opPass.Comp.Pct,opPPass.Comp,opPPass.Att,opPPass.Att.per.90,opPPass.Comp.Pct,Pct.opPass.Pressed,rFreq.Pass.Fwd,rFreq.Pass.Side,rFreq.Pass.Back,fwPass.Comp,fwPass.Att,fwPass.Att.per.90,fwPass.Comp.Pct,sPass.Comp,sPass.Att,sPass.Att.per.90,sPass.Comp.Pct,bPass.Comp,bPass.Att,bPass.Att.per.90,bPass.Comp.Pct,rFreq.A3.Passes,rFreq.M3.Passes,rFreq.D3.Passes,A3Pass.Comp,A3Pass.Att,A3Pass.Att.per.90,A3Pass.Comp.Pct,M3Pass.Comp,M3Pass.Att,M3Pass.Att.per.90,M3Pass.Comp.Pct,D3Pass.Comp,D3Pass.Att,D3Pass.Att.per.90,D3Pass.Comp.Pct,rFreq.A3.opPasses,rFreq.M3.opPasses,rFreq.D3.opPasses,A3opPass.Comp,A3opPass.Att,A3opPass.Att.per.90,A3opPass.Comp.Pct,M3opPass.Comp,M3opPass.Att,M3opPass.Att.per.90,M3opPass.Comp.Pct,D3opPass.Comp,D3opPass.Att,D3opPass.Att.per.90,D3opPass.Comp.Pct,Pass.Comp.D3toD3,Pass.Comp.D3toM3,Pass.Comp.D3toA3,Pass.Comp.M3toD3,Pass.Comp.M3toM3,Pass.Comp.M3toA3,Pass.Comp.A3toD3,Pass.Comp.A3toM3,Pass.Comp.A3toA3,rFreq.opPass.Fwd,rFreq.opPass.Side,rFreq.opPass.Back,fwopPass.Comp,fwopPass.Att,fwopPass.Att.per.90,fwopPass.Comp.Pct,sopPass.Comp,sopPass.Att,sopPass.Att.per.90,sopPass.Comp.Pct,bopPass.Comp,bopPass.Att,bopPass.Att.per.90,bopPass.Comp.Pct,Pct.Passes.Pressed,PPass.Comp,PPass.Att,PPass.Att.per.90,PPass.Comp.Pct,rFreq.PPass.Fwd,rFreq.PPass.Side,rFreq.PPass.Back,fwPPass.Comp,fwPPass.Att,fwPPass.Att.per.90,fwPPass.Comp.Pct,sPPass.Comp,sPPass.Att,sPPass.Att.per.90,sPPass.Comp.Pct,bPPass.Comp,bPPass.Att,bPPass.Att.per.90,bPPass.Comp.Pct,Cross.Comp,Cross.Att,Cross.Att.per.90,Cross.Att.per.opPass,Cross.Comp.Pct,Corner.Crosses,Deep.Crosses,Launch.Comp,Launch.Att,Launch.Att.per.90,Launch.Att.per.Pass,Launch.Comp.Pct,Through.Comp,Through.Att,Through.Att.per.90,Through.Att.per.Pass,Through.Att.per.opPass,Through.Comp.Pct,Throw.In.Comp,Throw.In.Att,Throw.In.Att.per.90,Throw.In.Att.per.Pass,Throw.In.Comp.Pct,Corner.Kicks.Completed,Corner.Kicks.Taken,CK.Comp.Pct,CK.Assist,CK.Key.Pass,FK.Pass.Comp,FK.Pass.Att,FK.Pass.Comp.Pct,FK.Assist,FK.Key.Pass,FK.Shot,FK.Scored,Free.Kicks.Taken,Take.Ons,Take.Ons.per.90,TO.Won,TO.Lost,TO.Win.Pct,Dispossessed,Lost.Touches,All.Possessions.Disrupted,Poss.Disrupted.per.90,Aerial.Duels,Aerial.Duels.per.90,AD.Won,AD.Lost,AD.Win.Pct,Tackles,Dispossesses,All.Opp.Poss.Disrupted,Opp.Poss.Disrupted.per.90,Dribbled,Dribbled.per.90,Press.Opp,Challenge.Opp,Recoveries,Recoveries.per.90,Def.Recoveries,Poss.Recoveries,Interceptions,Int.per.90,Int.per.OP.Pass,Blocks,Blocks.per.90,Clearances,Clearances.per.90,Ball.Shields,Offsides,Fouls.Won,Fouls.Conceded,Yellow.Cards,Red.Cards,Penalties.Won,Penalties.Conceded,E.to.Goals,OG,E.to.Big.Chances,BC.Stopped,Saves,Goals.Allowed,GK.SOG.Faced,GperSOG,BC.SOG.Faced,BC.Saves,BC.Goals.Allowed,GperBCSOG,High.Balls.Faced,HB.Won,HB.Lost,HB.Caught,HB.Punched,HB.Parried,HB.Collected,HB.Fouls.Won,Crosses.Faced,Crosses.Won,Crosses.Lost,Corner.Kicks.Faced,CKs.Won,CKs.Lost,Free.Kicks.Faced,FKs.Won,FKs.Lost,no,Smothers.Won,Smothers.Lost,GK.Overall.Pass.Comp,GK.Overall.Pass.Att,GK.Overall.Pass.Comp.Pct,GK.Throw.Comp,GK.Throw.Att,GK.Throw.Comp.Pct,GK.Drop.Kick.Comp,GK.Drop.Kick.Att,GK.Drop.Kick.Comp.Pct,GKFK.Comp,GKFK.Att,GKFK.Comp.Pct
US.CRC.021016,2,USA,14,1056,11,5,19,NA,0.631578947,6,1,7,ND,9,0.473684211,6,9,0,3,0,0,3,5,2,1,NA,NA,5,NA,3,0.6,1,1,0,0,0,432,496,NA,0.870967742,402,459,NA,0.875816993,136,151,NA,0.900662252,,,,,205,247,NA,0.829959514,110,125,NA,0.88,117,124,NA,0.943548387,,,,120,151,NA,0.794701987,269,301,NA,0.893687708,43,44,NA,0.977272727,,,,107,132,NA,0.810606061,253,284,NA,0.89084507,42,43,NA,0.976744186,27,16,0,5,214,49,0,13,106,,,,194,235,NA,0.825531915,103,113,NA,0.911504425,103,109,NA,0.944954128,,136,151,NA,0.900662252,6.473071946,2.915562789,3.611365265,55,65,NA,0.846153846,33,35,NA,0.942857143,48,51,NA,0.941176471,16,24,NA,NA,0.666666667,24,0,9,16,NA,NA,0.5625,6,11,NA,NA,NA,0.545454545,21,22,NA,NA,0.954545455,3,9,0.333333333,0,0,5,5,1,0,0,0,0,5,39,NA,25,14,0.641025641,17,16,47,NA,45,NA,23,22,0.511111111,10,13,23,NA,11,NA,147,47,63,NA,39,24,29,NA,NA,26,NA,3,NA,0,2,6,14,0,0,1,0,0,0,0,0,0,0,0,0,0,0,0,0,2,2,0,1,0,0,0,0,0,2,2,0,0,0,0,2,2,0,0,0,12,12,1,1,1,1,0,0,NA,2,2,1
US.CRC.021016,0,CRC,14,1014,10,0,0,NA,NA,0,0,0,ND,0,NA,0,0,0,0,0,0,0,0,0,0,NA,NA,0,NA,0,NA,0,0,0,0,0,278,355,NA,0.783098592,246,310,NA,0.793548387,125,148,NA,0.844594595,,,,,118,188,NA,0.627659574,72,78,NA,0.923076923,88,89,NA,0.988764045,,,,19,28,NA,0.678571429,165,199,NA,0.829145729,94,128,NA,0.734375,,,,13,20,NA,0.65,152,181,NA,0.839779006,81,109,NA,0.743119266,55,39,0,22,134,8,0,3,16,,,,90,144,NA,0.625,67,73,NA,0.917808219,83,84,NA,0.988095238,,125,148,NA,0.844594595,4.665562317,2.765824721,4.568612962,37,57,NA,0.649122807,32,35,NA,0.914285714,56,56,NA,1,0,3,NA,NA,0,3,0,14,38,NA,NA,0.368421053,2,3,NA,NA,NA,0.666666667,18,23,NA,NA,0.782608696,1,1,1,0,0,9,15,0.6,0,0,0,0,15,18,NA,12,6,0.666666667,17,8,31,NA,45,NA,21,24,0.466666667,15,15,30,NA,23,NA,165,26,46,NA,27,19,21,NA,NA,25,NA,19,NA,0,0,13,7,2,0,0,1,0,0,0,1,7,5,12,0.416666667,4,1,3,0.75,5,4,1,0.8,2,1,0,0,0,3,2,1,2,2,0,0,0,0,0,0,21,33,0.636363636,2,2,1,2,4,0.5,9,14,0.642857143
US.CAN.022116,2,USA,14,1035,11,2,7,NA,0.428571429,0,1,4,ND,2,0.285714286,1,6,0,0,0,0,2,5,0,0,NA,NA,1,NA,0,0,1,0,0,0,0,373,471,NA,0.791932059,368,456,NA,0.807017544,156,195,NA,0.8,,,,,160,238,NA,0.672268908,109,125,NA,0.872,104,108,NA,0.962962963,,,,74,106,NA,0.698113208,212,264,NA,0.803030303,87,102,NA,0.852941176,,,,72,101,NA,0.712871287,212,261,NA,0.812260536,84,95,NA,0.884210526,49,35,1,12,173,24,0,9,64,,,,154,223,NA,0.69058296,109,122,NA,0.893442623,102,106,NA,0.962264151,,156,195,NA,0.8,5.939352022,3.072752978,2.987895,54,85,NA,0.635294118,45,50,NA,0.9,57,60,NA,0.95,10,18,NA,NA,0.555555556,16,2,14,40,NA,NA,0.35,24,36,NA,NA,NA,0.666666667,0,0,NA,NA,NA,1,4,0.25,0,0,4,8,0.5,0,0,0,0,8,34,NA,28,6,0.823529412,15,10,31,NA,80,NA,46,34,0.575,8,0,8,NA,16,NA,124,44,73,NA,41,32,20,NA,NA,32,NA,27,NA,2,0,23,13,1,0,0,0,0,0,0,0,1,0,1,0,0,0,0,0,3,3,0,1,3,0,0,0,0,2,2,0,1,1,0,0,0,0,1,0,21,30,0.7,0,0,NA,0,2,0,6,9,0.666666667
US.CAN.022116,0,CAN,14,1034,11,0,2,NA,0.5,1,0,1,ND,1,0.5,0,1,0,1,0,0,0,0,0,0,NA,NA,0,NA,0,NA,0,0,0,0,0,226,324,NA,0.697530864,218,304,NA,0.717105263,115,140,NA,0.821428571,,,,,104,191,NA,0.544502618,55,63,NA,0.873015873,67,70,NA,0.957142857,,,,42,64,NA,0.65625,153,205,NA,0.746341463,32,57,NA,0.561403509,,,,41,60,NA,0.683333333,150,198,NA,0.757575758,28,48,NA,0.583333333,16,16,0,11,118,23,1,10,28,,,,98,169,NA,0.579881657,54,60,NA,0.9,65,68,NA,0.955882353,,116,141,NA,0.822695035,7.26008436,2.90531413,3.83460151,49,71,NA,0.690140845,31,31,NA,1,36,39,NA,0.923076923,5,14,NA,NA,0.357142857,11,3,15,53,NA,NA,0.283018868,18,33,NA,NA,NA,0.545454545,0,0,NA,NA,NA,1,3,0.333333333,0,0,3,11,0.272727273,0,0,0,0,11,26,NA,16,10,0.615384615,7,6,23,NA,82,NA,29,53,0.353658537,8,0,8,NA,26,NA,191,39,61,NA,38,22,20,NA,NA,29,NA,20,NA,2,3,11,26,2,0,0,0,2,0,0,2,0,2,3,0.666666667,1,0,0,0,9,6,3,0.666666667,4,2,0,0,0,6,4,2,0,0,0,1,1,0,0,1,16,35,0.457142857,3,3,1,1,3,0.333333333,1,12,0.083333333
US.TRI.021916,2,USA,14,1012,11,5,19,NA,0.736842105,8,1,5,ND,5,0.263157895,3,11,1,4,0,0,4,5,3,1,NA,NA,7,NA,3,0.428571429,2,1,1,1,0,503,588,NA,0.855442177,478,560,NA,0.853571429,170,209,NA,0.813397129,,,,,220,277,NA,0.794223827,150,172,NA,0.872093023,133,139,NA,0.956834532,,,,0,0,NA,NA,0,0,NA,NA,0,0,NA,NA,,,,0,0,NA,NA,0,0,NA,NA,0,0,NA,NA,0,0,0,0,0,0,0,0,0,,,,216,272,NA,0.794117647,136,156,NA,0.871794872,123,129,NA,0.953488372,,171,210,NA,0.814285714,5.613054388,3.600431839,3.786513772,69,96,NA,0.71875,43,52,NA,0.826923077,59,62,NA,0.951612903,8,23,NA,NA,0.347826087,20,3,9,17,NA,NA,0.529411765,9,19,NA,NA,NA,0.473684211,14,16,NA,NA,0.875,8,9,0.888888889,1,0,3,3,1,0,0,1,0,4,36,NA,30,6,0.833333333,19,9,34,NA,46,NA,26,20,0.565217391,8,0,8,NA,7,NA,49,26,84,NA,50,29,13,NA,NA,13,NA,11,NA,1,7,10,12,0,0,0,0,1,0,0,0,0,0,0,0,0,0,0,0,0,0,0,0,0,0,0,0,0,0,0,0,0,0,0,0,0,0,0,0,7,7,1,0,0,NA,0,0,NA,3,3,1
US.TRI.021916,0,TRI,13,1012,11,0,0,NA,NA,0,0,0,ND,0,NA,0,0,0,0,0,0,0,0,0,0,NA,NA,0,NA,0,NA,0,0,0,0,0,79,143,NA,0.552447552,59,106,NA,0.556603774,33,49,NA,0.673469388,,,,,48,106,NA,0.452830189,9,14,NA,0.642857143,22,23,NA,0.956521739,,,,0,0,NA,NA,0,0,NA,NA,0,0,NA,NA,,,,0,0,NA,NA,0,0,NA,NA,0,0,NA,NA,0,0,0,0,0,0,0,0,0,,,,25,60,NA,0.416666667,9,14,NA,0.642857143,21,22,NA,0.954545455,,33,49,NA,0.673469388,6.338461538,1.626923077,2.034615385,13,26,NA,0.5,7,9,NA,0.777777778,13,14,NA,0.928571429,0,1,NA,NA,0,1,0,11,38,NA,NA,0.289473684,0,2,NA,NA,NA,0,14,21,NA,NA,0.666666667,0,0,NA,0,0,4,11,0.363636364,0,0,0,0,11,21,NA,11,10,0.523809524,10,6,26,NA,46,NA,21,25,0.456521739,9,0,9,NA,27,NA,194,54,45,NA,27,16,13,NA,NA,39,NA,20,NA,1,0,13,10,2,0,0,0,0,0,0,1,8,4,12,0.333333333,4,1,3,0.75,4,3,1,0.75,2,0,0,0,0,2,1,1,1,1,0,0,0,0,1,1,7,14,0.5,1,1,1,1,3,0.333333333,5,10,0.5
US.PUR.021516,2,USA,14,1034,11,9,29,NA,0.517241379,6,0,14,ND,9,0.310344828,4,15,1,8,0,0,6,3,3,0,NA,NA,7,NA,3,0.428571429,0,4,0,2,0,462,545,NA,0.847706422,451,528,NA,0.854166667,167,190,NA,0.878947368,,,,,207,269,NA,0.769516729,132,153,NA,0.862745098,123,123,NA,1,,,,0,0,NA,NA,0,0,NA,NA,0,0,NA,NA,,,,0,0,NA,NA,0,0,NA,NA,0,0,NA,NA,0,0,0,0,0,0,0,0,0,,,,206,266,NA,0.77443609,124,141,NA,0.879432624,120,120,NA,1,,167,191,NA,0.87434555,5.578613638,4.895927391,3.525458971,60,77,NA,0.779220779,52,59,NA,0.881355932,55,55,NA,1,14,25,NA,NA,0.56,24,1,6,13,NA,NA,0.461538462,38,56,NA,NA,NA,0.678571429,0,0,NA,NA,NA,6,10,0.6,0,0,3,5,0.6,0,0,1,0,6,61,NA,44,17,0.721311475,8,8,33,NA,49,NA,31,18,0.632653061,3,0,3,NA,8,NA,61,25,82,NA,49,33,12,NA,NA,18,NA,9,NA,0,3,7,10,0,0,2,0,0,0,0,0,0,0,0,0,0,0,0,0,1,1,0,1,1,0,0,0,0,0,0,0,0,0,0,1,1,0,0,0,8,8,1,2,2,1,0,0,NA,1,1,1
US.PUR.021516,0,PUR,15,1129,12,0,1,NA,0,0,0,1,ND,0,0,0,1,0,0,0,0,0,0,0,0,NA,NA,0,NA,0,NA,0,0,0,0,0,100,186,NA,0.537634409,97,168,NA,0.577380952,50,68,NA,0.735294118,,,,,53,135,NA,0.392592593,25,28,NA,0.892857143,22,23,NA,0.956521739,,,,0,0,NA,NA,0,0,NA,NA,0,0,NA,NA,,,,0,0,NA,NA,0,0,NA,NA,0,0,NA,NA,0,0,0,0,0,0,0,0,0,,,,44,91,NA,0.483516484,25,28,NA,0.892857143,22,23,NA,0.956521739,,50,68,NA,0.735294118,7.985569986,2.232683983,1.781746032,24,40,NA,0.6,13,14,NA,0.928571429,13,14,NA,0.928571429,0,0,NA,NA,NA,0,0,8,56,NA,NA,0.142857143,8,16,NA,NA,NA,0.5,0,0,NA,NA,NA,0,0,NA,0,0,1,10,0.1,0,0,0,0,10,12,NA,8,4,0.666666667,9,10,23,NA,51,NA,15,36,0.294117647,13,0,13,NA,41,NA,181,39,40,NA,23,17,15,NA,NA,45,NA,21,NA,1,1,10,10,0,0,0,2,0,2,0,0,7,9,16,0.5625,3,0,3,1,3,2,1,0.666666667,0,0,0,2,0,3,2,1,1,1,0,0,0,0,2,0,8,39,0.205128205,1,1,1,1,7,0.142857143,6,29,0.206896552
US.MEX.021316,2,USA,14,1034,11,1,14,NA,0.357142857,4,0,9,ND,5,0.357142857,1,9,0,4,0,0,0,0,0,0,NA,NA,1,NA,1,1,0,0,0,0,0,425,498,NA,0.853413655,397,460,NA,0.863043478,127,148,NA,0.858108108,,,,,196,245,NA,0.8,114,134,NA,0.850746269,115,119,NA,0.966386555,,,,90,124,NA,0.725806452,275,312,NA,0.881410256,59,61,NA,0.967213115,,,,77,104,NA,0.740384615,263,297,NA,0.885521886,56,58,NA,0.965517241,32,27,0,15,215,44,0,16,74,,,,184,228,NA,0.807017544,100,115,NA,0.869565217,109,113,NA,0.96460177,,128,149,NA,0.859060403,5.760955711,3.444386169,3.79465812,53,62,NA,0.85483871,28,37,NA,0.756756757,47,50,NA,0.94,6,11,NA,NA,0.545454545,11,0,13,30,NA,NA,0.433333333,6,10,NA,NA,NA,0.6,18,25,NA,NA,0.72,5,7,0.714285714,0,0,5,6,0.833333333,0,0,2,0,8,42,NA,29,13,0.69047619,16,16,45,NA,51,NA,29,22,0.568627451,11,10,21,NA,8,NA,64,23,92,NA,41,51,19,NA,NA,25,NA,16,NA,1,2,7,12,2,0,0,0,0,0,0,0,1,0,1,0,0,0,0,0,1,1,0,1,1,0,0,0,0,0,0,0,0,0,0,1,1,0,0,0,11,11,1,0,0,NA,0,0,NA,4,4,1
US.MEX.021316,0,MEX,14,1034,11,0,2,NA,0.5,1,0,1,ND,1,0.5,0,0,0,1,1,0,0,0,0,0,NA,NA,0,NA,0,NA,0,0,0,0,0,115,199,NA,0.577889447,99,155,NA,0.638709677,51,66,NA,0.772727273,,,,,61,133,NA,0.458646617,22,32,NA,0.6875,32,34,NA,0.941176471,,,,6,19,NA,0.315789474,56,98,NA,0.571428571,53,82,NA,0.646341463,,,,3,7,NA,0.428571429,51,80,NA,0.6375,45,68,NA,0.661764706,27,25,0,5,45,6,0,1,5,,,,40,78,NA,0.512820513,21,28,NA,0.75,29,31,NA,0.935483871,,52,67,NA,0.776119403,6.8,2.044444444,3.155555556,24,34,NA,0.705882353,9,12,NA,0.75,19,21,NA,0.904761905,0,2,NA,NA,0,1,1,14,46,NA,NA,0.304347826,0,0,NA,NA,NA,NA,12,26,NA,NA,0.461538462,0,3,0,0,0,2,11,0.181818182,0,0,0,0,11,22,NA,9,13,0.409090909,8,4,25,NA,51,NA,20,31,0.392156863,21,12,33,NA,28,NA,150,39,54,NA,30,24,12,NA,NA,43,NA,35,NA,3,1,10,7,2,0,0,1,0,0,0,0,4,1,5,0.2,1,0,1,1,1,1,0,1,0,0,0,1,0,0,0,0,0,0,0,0,0,0,0,0,13,28,0.464285714,1,1,1,1,3,0.333333333,10,20,0.5
US.FRA.080616,2,USA,14,1048,11,1,4,NA,0.5,1,0,2,ND,0,0,1,1,0,1,1,0,0,0,0,0,NA,NA,0,NA,0,NA,0,0,0,0,0,383,474,NA,0.808016878,356,434,NA,0.820276498,124,144,NA,0.861111111,,,,,175,253,NA,0.691699605,74,83,NA,0.891566265,134,138,NA,0.971014493,,,,0,0,NA,NA,0,0,NA,NA,0,0,NA,NA,,,,0,0,NA,NA,0,0,NA,NA,0,0,NA,NA,0,0,0,0,0,0,0,0,0,,,,156,215,NA,0.725581395,69,77,NA,0.896103896,126,130,NA,0.969230769,,124,144,NA,0.861111111,5.803320749,1.942250233,5.254429018,46,60,NA,0.766666667,15,19,NA,0.789473684,63,65,NA,0.969230769,0,4,NA,NA,0,4,0,12,45,NA,NA,0.266666667,6,12,NA,NA,NA,0.5,14,16,NA,NA,0.875,3,3,1,0,0,7,18,0.388888889,0,0,1,0,19,10,NA,5,5,0.5,18,14,37,NA,46,NA,20,26,0.434782609,4,4,8,NA,2,NA,114,20,84,NA,52,32,14,NA,NA,28,NA,11,NA,0,4,15,10,0,0,0,0,0,0,0,1,5,0,5,0,1,1,0,0,3,3,0,1,1,2,0,0,0,2,2,0,1,1,0,0,0,0,0,0,17,30,0.566666667,3,3,1,0,0,NA,5,14,0.357142857
US.FRA.080616,0,FRA,14,1048,11,0,10,NA,0.5,5,0,5,ND,5,0.5,1,4,1,1,0,0,0,0,0,0,NA,NA,1,NA,0,0,1,0,0,0,0,292,384,NA,0.760416667,266,347,NA,0.766570605,75,96,NA,0.78125,,,,,133,204,NA,0.651960784,65,78,NA,0.833333333,94,102,NA,0.921568627,,,,0,0,NA,NA,0,0,NA,NA,0,0,NA,NA,,,,0,0,NA,NA,0,0,NA,NA,0,0,NA,NA,0,0,0,0,0,0,0,0,0,,,,115,175,NA,0.657142857,62,70,NA,0.885714286,86,94,NA,0.914893617,,75,96,NA,0.78125,5.759157509,2.489010989,5.751831502,23,35,NA,0.657142857,18,23,NA,0.782608696,34,38,NA,0.894736842,5,14,NA,NA,0.357142857,12,2,21,48,NA,NA,0.4375,6,10,NA,NA,NA,0.6,15,17,NA,NA,0.882352941,4,8,0.5,0,0,5,8,0.625,0,0,0,0,8,4,NA,3,1,0.75,8,16,25,NA,46,NA,21,25,0.456521739,11,7,18,NA,4,NA,167,27,71,NA,42,29,18,NA,NA,30,NA,10,NA,0,4,9,18,2,0,0,0,0,0,0,0,1,1,2,0.5,0,0,0,0,1,1,0,1,1,0,0,0,0,1,1,0,0,0,0,1,1,0,2,1,18,34,0.529411765,1,1,1,1,3,0.333333333,3,9,0.333333333
US.COL.080916,1,USA,14,1058,11,2,14,NA,0.571428571,6,0,6,ND,7,0.5,0,3,0,2,0,0,0,2,0,0,NA,NA,3,NA,0,0,2,1,0,1,0,486,560,NA,0.867857143,447,511,NA,0.874755382,212,244,NA,0.868852459,,,,,206,253,NA,0.814229249,123,146,NA,0.842465753,157,161,NA,0.97515528,,,,0,0,NA,NA,0,0,NA,NA,0,0,NA,NA,,,,0,0,NA,NA,0,0,NA,NA,0,0,NA,NA,0,0,0,0,0,0,0,0,0,,,,193,236,NA,0.81779661,116,132,NA,0.878787879,138,142,NA,0.971830986,,212,244,NA,0.868852459,6.006959581,3.57722177,4.415818649,81,101,NA,0.801980198,49,59,NA,0.830508475,82,84,NA,0.976190476,6,13,NA,NA,0.461538462,11,2,10,23,NA,NA,0.434782609,9,14,NA,NA,NA,0.642857143,25,29,NA,NA,0.862068966,5,11,0.454545455,0,0,7,7,1,0,0,1,0,8,28,NA,20,8,0.714285714,20,22,50,NA,43,NA,19,24,0.441860465,14,4,18,NA,8,NA,165,53,96,NA,61,35,9,NA,NA,21,NA,3,NA,1,4,11,15,1,0,0,0,1,0,0,0,0,2,2,1,0,0,0,0,0,0,0,0,0,0,0,1,0,0,0,0,0,0,0,3,0,3,0,0,8,12,0.666666667,2,2,1,0,0,NA,0,1,0
US.COL.080916,1,COL,14,1058,11,2,3,NA,0.666666667,0,0,1,ND,0,0,0,0,0,0,1,0,0,0,0,0,NA,NA,0,NA,0,NA,0,0,0,0,0,220,284,NA,0.774647887,200,257,NA,0.778210117,117,142,NA,0.823943662,,,,,86,144,NA,0.597222222,62,64,NA,0.96875,72,76,NA,0.947368421,,,,0,0,NA,NA,0,0,NA,NA,0,0,NA,NA,,,,0,0,NA,NA,0,0,NA,NA,0,0,NA,NA,0,0,0,0,0,0,0,0,0,,,,72,113,NA,0.637168142,57,59,NA,0.966101695,68,72,NA,0.944444444,,117,142,NA,0.823943662,6.261327561,2.422871573,4.315800866,43,65,NA,0.661538462,27,29,NA,0.931034483,47,48,NA,0.979166667,0,0,NA,NA,NA,0,0,4,32,NA,NA,0.125,1,1,NA,NA,NA,1,10,11,NA,NA,0.909090909,0,0,NA,0,0,9,14,0.642857143,0,0,3,2,17,10,NA,8,2,0.8,19,16,37,NA,43,NA,18,25,0.418604651,22,3,25,NA,20,NA,292,52,64,NA,46,18,10,NA,NA,33,NA,15,NA,2,0,14,12,2,0,0,0,0,0,0,2,6,2,8,0.25,2,2,0,0,0,0,0,0,1,2,1,2,0,1,0,1,0,0,0,1,0,1,0,0,5,21,0.238095238,1,1,1,0,1,0,3,17,0.176470588
US.SWE.081216,1,USA,15,1367,11,1,22,NA,0.227272727,4,0,17,ND,14,0.636363636,2,11,0,0,0,0,0,2,0,0,NA,NA,0,NA,0,NA,0,0,0,0,0,497,608,NA,0.817434211,466,558,NA,0.835125448,180,224,NA,0.803571429,,,,,214,293,NA,0.730375427,182,214,NA,0.85046729,101,101,NA,1,,,,95,149,NA,0.637583893,355,404,NA,0.878712871,47,55,NA,0.854545455,,,,83,124,NA,0.669354839,340,385,NA,0.883116883,43,49,NA,0.87755102,0,0,0,0,294,1,0,1,5,,,,205,274,NA,0.748175182,166,189,NA,0.878306878,95,95,NA,1,,180,224,NA,0.803571429,7.434885811,3.753800448,2.811313741,63,95,NA,0.663157895,59,71,NA,0.830985915,58,58,NA,1,8,28,NA,NA,0.285714286,23,5,13,27,NA,NA,0.481481481,8,19,NA,NA,NA,0.421052632,18,26,NA,NA,0.692307692,5,11,0.454545455,0,0,8,12,0.666666667,0,0,1,0,13,56,NA,45,11,0.803571429,11,17,39,NA,49,NA,22,27,0.448979592,27,4,31,NA,12,NA,198,24,115,NA,72,43,16,NA,NA,37,NA,32,NA,3,4,13,4,1,0,0,0,0,0,0,0,0,1,1,1,1,0,1,1,1,1,0,1,1,1,0,1,0,2,1,1,1,1,0,0,0,0,0,0,5,6,0.833333333,0,0,NA,0,1,0,1,1,1
US.SWE.081216,1,SWE,15,1366,11,1,2,NA,0.5,0,0,1,ND,2,1,0,2,0,0,0,0,0,0,0,0,NA,NA,1,NA,1,1,0,0,0,1,0,229,345,NA,0.663768116,198,290,NA,0.682758621,131,173,NA,0.757225434,,,,,115,210,NA,0.547619048,57,72,NA,0.791666667,57,63,NA,0.904761905,,,,46,70,NA,0.657142857,123,171,NA,0.719298246,60,104,NA,0.576923077,,,,37,54,NA,0.685185185,108,147,NA,0.734693878,53,89,NA,0.595505618,1,9,0,1,94,0,0,0,0,,,,87,148,NA,0.587837838,47,56,NA,0.839285714,54,60,NA,0.9,,131,173,NA,0.757225434,8.391227321,2.547726154,3.061046525,57,89,NA,0.640449438,34,39,NA,0.871794872,40,45,NA,0.888888889,7,13,NA,NA,0.538461538,8,5,10,43,NA,NA,0.23255814,5,10,NA,NA,NA,0.5,24,39,NA,NA,0.615384615,1,3,0.333333333,0,0,2,6,0.333333333,0,0,0,0,6,24,NA,12,12,0.5,18,18,48,NA,49,NA,22,27,0.448979592,18,2,20,NA,42,NA,258,42,97,NA,59,38,11,NA,NA,38,NA,43,NA,2,5,4,16,2,0,0,0,0,0,0,4,4,1,5,0.2,0,0,0,0,2,2,0,1,7,3,1,4,0,4,2,2,2,2,0,1,0,1,0,0,16,40,0.4,4,5,0.8,0,2,0,10,29,0.344827586
US.NZL.080316,2,USA,14,1025,11,2,9,NA,0.444444444,2,0,5,ND,8,0.888888889,3,2,0,0,0,0,2,4,1,1,NA,NA,2,NA,0,0,2,0,0,0,0,425,499,NA,0.851703407,392,450,NA,0.871111111,169,185,NA,0.913513514,,,,,194,254,NA,0.763779528,103,113,NA,0.911504425,128,132,NA,0.96969697,,,,1,1,NA,1,0,0,NA,NA,0,0,NA,NA,,,,0,0,NA,NA,0,0,NA,NA,0,0,NA,NA,0,0,0,0,0,0,0,0,1,,,,168,214,NA,0.785046729,98,105,NA,0.933333333,123,127,NA,0.968503937,,169,185,NA,0.913513514,6.069908244,2.667218144,5.262873612,63,75,NA,0.84,34,36,NA,0.944444444,72,74,NA,0.972972973,10,18,NA,NA,0.555555556,8,10,13,30,NA,NA,0.433333333,9,13,NA,NA,NA,0.692307692,16,23,NA,NA,0.695652174,3,4,0.75,0,1,9,15,0.6,0,1,1,0,16,31,NA,23,8,0.741935484,11,6,25,NA,55,NA,39,16,0.709090909,17,3,20,NA,4,NA,91,18,71,NA,49,22,8,NA,NA,28,NA,33,NA,5,4,17,9,0,0,0,0,0,0,0,3,0,0,0,0,0,0,0,0,2,2,0,1,1,1,0,0,0,1,1,0,1,1,0,0,0,0,0,0,23,26,0.884615385,4,4,1,1,2,0.5,6,8,0.75
US.NZL.080316,0,NZL,14,1024,11,0,2,NA,0,0,0,2,ND,1,0.5,0,0,0,0,0,0,0,0,0,0,NA,NA,0,NA,0,NA,0,0,0,0,0,179,285,NA,0.628070175,158,235,NA,0.672340426,71,95,NA,0.747368421,,,,,83,170,NA,0.488235294,49,64,NA,0.765625,47,51,NA,0.921568627,,,,0,0,NA,NA,0,0,NA,NA,0,0,NA,NA,,,,0,0,NA,NA,0,0,NA,NA,0,0,NA,NA,0,0,0,0,0,0,0,0,0,,,,68,126,NA,0.53968254,45,54,NA,0.833333333,43,47,NA,0.914893617,,71,95,NA,0.747368421,6.475974026,1.76991342,5.754112554,29,49,NA,0.591836735,16,18,NA,0.888888889,26,28,NA,0.928571429,3,11,NA,NA,0.272727273,4,7,7,45,NA,NA,0.155555556,3,4,NA,NA,NA,0.75,16,28,NA,NA,0.571428571,0,4,0,0,0,3,12,0.25,0,0,0,0,12,13,NA,7,6,0.538461538,14,6,26,NA,54,NA,15,39,0.277777778,18,1,19,NA,17,NA,198,23,67,NA,42,25,11,NA,NA,20,NA,24,NA,1,3,9,18,4,0,0,0,0,0,0,5,2,2,4,0.5,2,2,0,0,2,2,0,1,2,0,0,0,0,2,2,0,0,0,0,1,1,0,0,0,9,29,0.310344828,2,2,1,0,4,0,2,14,0.142857143
US.SUI.101916,2,USA,17,1036,11,4,17,NA,0.588235294,6,0,7,ND,11,0.647058824,0,0,0,0,0,0,3,4,1,1,NA,NA,3,NA,2,0.666666667,1,0,0,0,0,542,620,NA,0.874193548,517,584,NA,0.885273973,306,347,NA,0.88184438,,,,,204,248,NA,0.822580645,226,257,NA,0.879377432,112,115,NA,0.973913043,,,,0,0,NA,NA,0,0,NA,NA,0,0,NA,NA,,,,0,0,NA,NA,0,0,NA,NA,0,0,NA,NA,0,0,0,0,0,0,0,0,0,,,,190,231,NA,0.822510823,215,238,NA,0.903361345,109,112,NA,0.973214286,,306,347,NA,0.88184438,5.196305682,6.019419451,3.784274867,105,128,NA,0.8203125,121,137,NA,0.883211679,80,82,NA,0.975609756,11,21,NA,NA,0.523809524,18,3,9,19,NA,NA,0.473684211,12,29,NA,NA,NA,0.413793103,13,16,NA,NA,0.8125,1,8,0.125,0,0,7,8,0.875,0,0,0,0,8,68,NA,41,27,0.602941176,15,5,47,NA,27,NA,9,18,0.333333333,23,5,28,NA,12,NA,171,31,92,NA,51,41,22,NA,NA,21,NA,6,NA,2,4,16,7,0,0,0,0,0,0,0,0,2,0,2,0,0,0,0,0,2,2,0,1,2,0,1,2,0,2,2,0,0,0,0,1,1,0,1,0,16,16,1,4,4,1,0,0,NA,3,3,1
US.SUI.101916,0,SUI,13,1035,11,0,4,NA,0.5,2,0,2,ND,1,0.25,0,0,0,0,0,0,0,0,0,0,NA,NA,0,NA,0,NA,0,0,0,0,0,198,277,NA,0.714801444,175,243,NA,0.720164609,125,171,NA,0.730994152,,,,,93,149,NA,0.624161074,58,76,NA,0.763157895,47,52,NA,0.903846154,,,,0,0,NA,NA,0,0,NA,NA,0,0,NA,NA,,,,0,0,NA,NA,0,0,NA,NA,0,0,NA,NA,0,0,0,0,0,0,0,0,0,,,,74,118,NA,0.627118644,51,65,NA,0.784615385,44,49,NA,0.897959184,,125,171,NA,0.730994152,6.164252149,3.982509881,2.85323797,53,85,NA,0.623529412,36,46,NA,0.782608696,36,40,NA,0.9,2,4,NA,NA,0.5,4,0,15,35,NA,NA,0.428571429,0,5,NA,NA,NA,0,12,14,NA,NA,0.857142857,0,1,0,0,0,4,8,0.5,0,0,0,0,8,27,NA,15,12,0.555555556,20,6,38,NA,27,NA,16,11,0.592592593,38,1,39,NA,32,NA,363,92,66,NA,47,19,14,NA,NA,26,NA,28,NA,3,2,6,19,5,0,0,0,0,0,0,0,6,4,10,0.4,3,1,2,0.666666667,1,1,0,1,6,0,2,8,0,4,1,3,0,0,0,1,1,0,0,0,24,41,0.585365854,5,5,1,2,6,0.333333333,7,13,0.538461538
US.RSA.070916,2,USA,16,1110,12,1,15,NA,0.4,4,1,9,ND,9,0.6,2,5,0,2,0,0,1,4,1,1,NA,NA,4,NA,1,0.25,0,3,0,0,0,512,592,NA,0.864864865,479,558,NA,0.858422939,204,243,NA,0.839506173,,,,,243,297,NA,0.818181818,133,151,NA,0.880794702,136,144,NA,0.944444444,,,,0,0,NA,NA,0,0,NA,NA,0,0,NA,NA,,,,0,0,NA,NA,0,0,NA,NA,0,0,NA,NA,0,0,0,0,0,0,0,0,0,,,,227,281,NA,0.807829181,125,142,NA,0.88028169,123,131,NA,0.938931298,,204,243,NA,0.839506173,6.248406604,3.405860828,4.345732568,83,110,NA,0.754545455,46,52,NA,0.884615385,75,81,NA,0.925925926,16,33,NA,NA,0.484848485,20,13,12,20,NA,NA,0.6,11,18,NA,NA,NA,0.611111111,17,17,NA,NA,1,9,10,0.9,0,0,5,5,1,0,0,1,0,6,35,NA,25,10,0.714285714,24,11,45,NA,34,NA,27,7,0.794117647,18,1,19,NA,13,NA,116,13,99,NA,59,40,17,NA,NA,18,NA,22,NA,2,3,10,12,0,0,0,0,0,0,0,0,2,0,2,0,0,0,0,0,0,0,0,0,0,0,0,0,0,0,0,0,0,0,0,0,0,0,0,0,15,16,0.9375,2,2,1,0,0,NA,5,5,1
US.RSA.070916,0,RSA,17,1039,11,0,3,NA,0.666666667,2,0,1,ND,1,0.333333333,0,0,0,1,0,0,0,0,0,0,NA,NA,0,NA,0,NA,0,0,0,0,0,206,300,NA,0.686666667,186,270,NA,0.688888889,83,116,NA,0.715517241,,,,,91,159,NA,0.572327044,64,80,NA,0.8,51,61,NA,0.836065574,,,,0,0,NA,NA,0,0,NA,NA,0,0,NA,NA,,,,0,0,NA,NA,0,0,NA,NA,0,0,NA,NA,0,0,0,0,0,0,0,0,0,,,,75,131,NA,0.572519084,62,75,NA,0.826666667,46,56,NA,0.821428571,,83,116,NA,0.715517241,6.978427128,3.637049062,5.38452381,34,55,NA,0.618181818,24,30,NA,0.8,25,31,NA,0.806451613,2,13,NA,NA,0.153846154,11,2,14,51,NA,NA,0.274509804,5,8,NA,NA,NA,0.625,11,14,NA,NA,0.785714286,0,2,0,0,0,6,8,0.75,0,0,0,0,8,18,NA,13,5,0.722222222,17,6,28,NA,34,NA,7,27,0.205882353,30,2,32,NA,23,NA,250,16,63,NA,46,17,20,NA,NA,27,NA,36,NA,4,2,10,11,2,0,0,0,0,0,1,1,4,1,6,0.166666667,1,0,1,1,6,5,1,0.833333333,3,1,0,0,0,6,5,1,2,1,1,0,0,0,0,1,13,25,0.52,2,4,0.5,1,2,0.5,4,9,0.444444444
US.JPN.060516,2,USA,13,849,11,2,8,NA,0.75,4,0,2,ND,3,0.375,1,4,0,2,0,0,2,5,1,2,NA,NA,4,NA,2,0.5,1,0,0,0,1,281,360,NA,0.780555556,259,320,NA,0.809375,96,112,NA,0.857142857,,,,,130,190,NA,0.684210526,54,66,NA,0.818181818,97,104,NA,0.932692308,,,,55,79,NA,0.696202532,142,179,NA,0.793296089,84,102,NA,0.823529412,,,,48,68,NA,0.705882353,133,156,NA,0.852564103,78,96,NA,0.8125,0,6,0,2,100,2,0,0,5,,,,113,156,NA,0.724358974,49,59,NA,0.830508475,94,101,NA,0.930693069,,96,112,NA,0.857142857,5.479960317,2.007720058,4.512319625,38,47,NA,0.808510638,15,19,NA,0.789473684,43,46,NA,0.934782609,5,9,NA,NA,0.555555556,8,1,15,34,NA,NA,0.441176471,9,16,NA,NA,NA,0.5625,18,25,NA,NA,0.72,1,3,0.333333333,0,0,2,11,0.181818182,0,0,0,0,11,20,NA,14,6,0.7,12,14,32,NA,19,NA,11,8,0.578947368,8,1,9,NA,6,NA,108,31,67,NA,44,23,21,NA,NA,26,NA,14,NA,1,4,9,5,1,0,0,0,0,0,0,0,2,0,2,0,0,0,0,0,2,2,0,1,2,0,0,0,0,1,1,0,0,0,0,0,0,0,0,0,18,27,0.666666667,1,1,1,0,0,NA,3,5,0.6
US.JPN.060516,0,JPN,16,852,11,0,3,NA,0.666666667,2,0,1,ND,1,0.333333333,0,0,0,2,0,0,0,0,0,0,NA,NA,0,NA,0,NA,0,0,0,0,0,340,419,NA,0.811455847,320,391,NA,0.818414322,89,109,NA,0.816513761,,,,,152,215,NA,0.706976744,71,78,NA,0.91025641,117,126,NA,0.928571429,,,,29,41,NA,0.707317073,215,263,NA,0.817490494,96,115,NA,0.834782609,,,,26,38,NA,0.684210526,206,250,NA,0.824,88,103,NA,0.854368932,10,9,0,1,181,0,0,0,1,,,,135,187,NA,0.721925134,68,74,NA,0.918918919,114,123,NA,0.926829268,,89,109,NA,0.816513761,7.6246448,2.57466145,5.800693751,38,49,NA,0.775510204,21,21,NA,1,30,39,NA,0.769230769,2,6,NA,NA,0.333333333,4,2,21,43,NA,NA,0.488372093,4,12,NA,NA,NA,0.333333333,14,17,NA,NA,0.823529412,1,1,1,0,0,1,6,0.166666667,0,0,1,0,7,11,NA,9,2,0.818181818,7,18,27,NA,19,NA,8,11,0.421052632,12,5,17,NA,12,NA,129,25,59,NA,46,13,21,NA,NA,28,NA,17,NA,2,1,5,11,0,0,0,0,0,0,0,3,4,2,6,0.333333333,3,1,2,0.666666667,4,4,0,1,3,0,0,0,0,4,4,0,0,0,0,3,3,0,2,0,22,30,0.733333333,4,4,1,0,0,NA,4,11,0.363636364
US.JPN.060216,1,USA,15,1071,11,3,12,NA,0.5,3,0,6,ND,6,0.5,1,8,0,1,0,0,1,4,1,1,NA,NA,4,NA,1,0.25,2,0,0,0,1,389,484,NA,0.803719008,351,438,NA,0.801369863,202,237,NA,0.852320675,,,,,169,239,NA,0.707112971,125,145,NA,0.862068966,95,100,NA,0.95,,,,83,113,NA,0.734513274,206,261,NA,0.789272031,100,110,NA,0.909090909,,,,67,95,NA,0.705263158,190,239,NA,0.794979079,94,104,NA,0.903846154,1,6,0,3,161,2,0,0,4,,,,145,207,NA,0.700483092,112,130,NA,0.861538462,91,96,NA,0.947916667,,202,237,NA,0.852320675,5.929438409,4.75868477,4.311876821,70,96,NA,0.729166667,63,70,NA,0.9,69,71,NA,0.971830986,11,22,NA,NA,0.5,17,5,6,25,NA,NA,0.24,11,25,NA,NA,NA,0.44,20,25,NA,NA,0.8,5,7,0.714285714,0,0,10,11,0.909090909,0,0,0,0,11,27,NA,18,9,0.666666667,19,8,36,NA,47,NA,28,19,0.595744681,9,9,18,NA,3,NA,239,45,89,NA,56,33,23,NA,NA,18,NA,16,NA,1,5,14,5,0,0,0,0,0,0,0,0,1,2,3,0.666666667,1,0,1,1,1,1,0,1,3,1,0,0,0,0,0,0,0,0,0,0,0,0,0,0,27,29,0.931034483,2,2,1,1,1,1,4,6,0.666666667
US.JPN.060216,1,JPN,15,1071,11,3,7,NA,0.571428571,1,0,3,ND,4,0.571428571,0,2,0,2,0,0,3,2,2,0,NA,NA,1,NA,1,1,0,0,0,0,0,357,451,NA,0.791574279,336,418,NA,0.803827751,190,228,NA,0.833333333,,,,,147,226,NA,0.650442478,119,131,NA,0.908396947,91,94,NA,0.968085106,,,,43,60,NA,0.716666667,213,262,NA,0.812977099,101,129,NA,0.782945736,,,,40,53,NA,0.754716981,205,252,NA,0.813492063,91,113,NA,0.805309735,2,2,0,0,168,1,0,0,1,,,,133,193,NA,0.689119171,114,124,NA,0.919354839,87,90,NA,0.966666667,,190,228,NA,0.833333333,7.187290336,3.461809431,4.350900233,70,99,NA,0.707070707,55,63,NA,0.873015873,65,66,NA,0.984848485,1,4,NA,NA,0.25,2,2,8,24,NA,NA,0.333333333,4,13,NA,NA,NA,0.307692308,13,17,NA,NA,0.764705882,0,1,0,0,0,3,9,0.333333333,0,0,0,0,9,6,NA,3,3,0.5,15,14,32,NA,48,NA,13,35,0.270833333,17,10,27,NA,18,NA,242,55,80,NA,52,28,17,NA,NA,25,NA,23,NA,2,2,5,12,3,1,0,0,0,0,2,0,3,2,5,0.4,3,2,1,0.333333333,1,1,0,1,7,1,1,7,0,3,0,3,0,0,0,0,0,0,0,0,14,33,0.424242424,4,5,0.8,1,1,1,3,17,0.176470588
US.IRL.012316,2,USA,17,1040,11,5,20,NA,0.45,4,0,11,ND,14,0.7,6,8,0,3,0,0,2,2,2,0,NA,NA,6,NA,5,0.833333333,0,1,0,0,0,430,527,NA,0.815939279,418,512,NA,0.81640625,204,255,NA,0.8,,,,,210,278,NA,0.755395683,90,115,NA,0.782608696,130,134,NA,0.970149254,,,,116,163,NA,0.711656442,218,258,NA,0.84496124,95,105,NA,0.904761905,,,,111,155,NA,0.716129032,213,253,NA,0.841897233,93,103,NA,0.902912621,56,36,1,22,153,42,1,9,106,,,,205,273,NA,0.750915751,85,107,NA,0.794392523,127,131,NA,0.969465649,,204,255,NA,0.8,8.593142943,2.952138123,5.454718934,87,120,NA,0.725,36,50,NA,0.72,81,85,NA,0.952941176,11,24,NA,NA,0.458333333,23,1,3,9,NA,NA,0.333333333,25,33,NA,NA,NA,0.757575758,0,0,NA,NA,NA,5,8,0.625,0,0,5,5,1,0,0,1,0,6,56,NA,25,31,0.446428571,5,10,46,NA,43,NA,28,15,0.651162791,21,0,21,NA,4,NA,76,52,94,NA,52,42,24,NA,NA,17,NA,6,NA,1,0,11,9,0,0,0,0,2,0,0,0,2,0,2,0,0,0,0,0,1,1,0,1,0,1,0,0,0,0,0,0,0,0,0,0,0,0,0,0,9,12,0.75,2,2,1,0,0,NA,1,1,1
US.IRL.012316,0,IRL,17,1040,11,0,2,NA,1,2,0,0,ND,1,0.5,1,0,0,1,0,0,0,0,0,0,NA,NA,0,NA,0,NA,0,0,0,0,0,157,241,NA,0.651452282,153,225,NA,0.68,69,92,NA,0.75,,,,,74,147,NA,0.503401361,28,36,NA,0.777777778,55,58,NA,0.948275862,,,,24,34,NA,0.705882353,83,120,NA,0.691666667,51,88,NA,0.579545455,,,,23,32,NA,0.71875,81,115,NA,0.704347826,50,79,NA,0.632911392,32,19,0,13,60,9,0,3,21,,,,66,119,NA,0.554621849,27,34,NA,0.794117647,54,57,NA,0.947368421,,69,92,NA,0.75,9.065445665,1.943528694,3.991025641,29,46,NA,0.630434783,12,16,NA,0.75,28,30,NA,0.933333333,0,1,NA,NA,0,1,0,3,24,NA,NA,0.125,5,14,NA,NA,NA,0.357142857,0,0,NA,NA,NA,1,2,0.5,0,0,2,7,0.285714286,0,0,0,0,7,24,NA,4,20,0.166666667,2,12,34,NA,42,NA,13,29,0.30952381,32,0,32,NA,25,NA,220,90,57,NA,38,19,17,NA,NA,31,NA,34,NA,1,0,13,8,0,0,0,0,0,0,0,0,4,5,9,0.555555556,5,0,5,1,4,2,2,0.5,1,0,0,0,0,2,1,1,1,0,1,0,0,0,1,0,13,30,0.433333333,1,2,0.5,0,5,0,6,16,0.375
US.CRC.072216,2,USA,17,1093,11,4,15,NA,0.466666667,3,0,8,ND,9,0.6,1,3,0,0,0,0,3,2,1,0,NA,NA,2,NA,2,1,0,0,0,0,0,389,462,NA,0.841991342,364,423,NA,0.860520095,198,222,NA,0.891891892,,,,,175,224,NA,0.78125,114,135,NA,0.844444444,100,103,NA,0.970873786,,,,0,0,NA,NA,0,0,NA,NA,0,0,NA,NA,,,,0,0,NA,NA,0,0,NA,NA,0,0,NA,NA,0,0,0,0,0,0,0,0,0,,,,162,204,NA,0.794117647,104,118,NA,0.881355932,97,100,NA,0.97,,198,222,NA,0.891891892,6.59341738,5.230695862,4.175886758,85,103,NA,0.825242718,59,63,NA,0.936507937,54,56,NA,0.964285714,8,15,NA,NA,0.533333333,14,1,7,10,NA,NA,0.7,11,19,NA,NA,NA,0.578947368,13,20,NA,NA,0.65,3,9,0.333333333,0,0,5,6,0.833333333,1,0,1,0,7,30,NA,20,10,0.666666667,21,14,45,NA,20,NA,11,9,0.55,18,4,22,NA,8,NA,144,39,103,NA,68,35,6,NA,NA,17,NA,3,NA,1,5,8,14,2,0,0,0,0,0,0,0,0,0,0,0,0,0,0,0,0,0,0,0,0,0,0,0,0,0,0,0,0,0,0,0,0,0,1,0,14,14,1,4,4,1,0,0,NA,1,1,1
US.CRC.072216,0,CRC,17,1095,11,0,1,NA,1,1,0,0,ND,0,0,0,0,0,0,0,0,0,0,0,0,NA,NA,0,NA,0,NA,0,0,0,0,0,292,361,NA,0.808864266,273,333,NA,0.81981982,104,135,NA,0.77037037,,,,,92,153,NA,0.60130719,99,104,NA,0.951923077,101,104,NA,0.971153846,,,,0,0,NA,NA,0,0,NA,NA,0,0,NA,NA,,,,0,0,NA,NA,0,0,NA,NA,0,0,NA,NA,0,0,0,0,0,0,0,0,0,,,,82,133,NA,0.616541353,91,96,NA,0.947916667,96,99,NA,0.96969697,,104,135,NA,0.77037037,7.901984127,2.461706349,6.636309524,31,58,NA,0.534482759,19,22,NA,0.863636364,54,55,NA,0.981818182,1,3,NA,NA,0.333333333,2,1,10,38,NA,NA,0.263157895,1,6,NA,NA,NA,0.166666667,11,12,NA,NA,0.916666667,0,0,NA,0,0,4,9,0.444444444,0,0,0,0,9,14,NA,10,4,0.714285714,22,16,42,NA,20,NA,7,13,0.35,26,3,29,NA,18,NA,267,37,57,NA,43,14,11,NA,NA,34,NA,17,NA,0,1,11,11,3,0,0,0,0,0,0,0,3,4,7,1.083333333,2,0,2,2,4,4,0,2,3,0,0,1,0,4,4,0,2,2,0,0,0,0,1,1,33,43,0.76744186,4,5,0.8,0,2,0,4,7,0.571428571
US.COL.041016,2,USA,15,1037,11,3,20,NA,0.5,7,0,10,ND,7,0.35,0,1,0,1,0,0,3,1,0,0,NA,NA,6,NA,1,0.166666667,2,2,0,0,1,437,503,NA,0.868787276,411,470,NA,0.874468085,199,222,NA,0.896396396,,,,,185,228,NA,0.811403509,159,179,NA,0.888268156,93,96,NA,0.96875,,,,0,0,NA,NA,0,0,NA,NA,0,0,NA,NA,,,,0,0,NA,NA,0,0,NA,NA,0,0,NA,NA,0,0,0,0,0,0,0,0,0,,,,177,217,NA,0.815668203,151,167,NA,0.904191617,82,85,NA,0.964705882,,199,222,NA,0.896396396,7.799523072,3.850766213,2.349710715,95,108,NA,0.87962963,59,67,NA,0.880597015,45,47,NA,0.957446809,12,23,NA,NA,0.52173913,19,4,10,16,NA,NA,0.625,5,9,NA,NA,NA,0.555555556,19,22,NA,NA,0.863636364,2,5,0.4,0,0,4,5,0.8,1,0,1,0,6,52,NA,37,15,0.711538462,17,23,55,NA,29,NA,26,3,0.896551724,16,12,28,NA,13,NA,154,24,92,NA,49,43,24,NA,NA,24,NA,8,NA,1,3,9,7,0,0,0,0,0,0,0,0,1,0,1,0,0,0,0,0,0,0,0,0,0,0,0,0,0,0,0,0,0,0,0,0,0,0,0,0,7,7,1,1,1,1,0,0,NA,1,1,1
US.COL.041016,0,COL,14,1034,11,0,2,NA,0,0,0,2,ND,1,0.5,0,0,0,0,0,0,0,0,0,0,NA,NA,0,NA,0,NA,0,0,0,0,0,205,290,NA,0.706896552,186,263,NA,0.707224335,128,158,NA,0.810126582,,,,,90,163,NA,0.552147239,70,78,NA,0.897435897,45,49,NA,0.918367347,,,,0,0,NA,NA,0,0,NA,NA,0,0,NA,NA,,,,0,0,NA,NA,0,0,NA,NA,0,0,NA,NA,0,0,0,0,0,0,0,0,0,,,,76,127,NA,0.598425197,66,74,NA,0.891891892,42,46,NA,0.913043478,,128,158,NA,0.810126582,7.800282758,3.113896922,2.08582032,56,79,NA,0.708860759,40,45,NA,0.888888889,32,34,NA,0.941176471,0,4,NA,NA,0,4,0,5,40,NA,NA,0.125,0,1,NA,NA,NA,0,17,21,NA,NA,0.80952381,1,1,1,0,0,1,5,0.2,0,0,1,0,6,22,NA,13,9,0.590909091,20,9,38,NA,28,NA,4,24,0.142857143,19,14,33,NA,33,NA,206,50,63,NA,39,24,18,NA,NA,39,NA,32,NA,0,0,6,9,0,0,0,0,0,0,1,1,6,3,9,0.333333333,3,2,1,0.333333333,2,1,1,0.5,0,1,0,0,0,0,0,0,1,0,1,1,1,0,0,1,3,22,0.136363636,0,0,NA,0,0,NA,2,20,0.1
US.COL.040616,2,USA,17,1045,11,7,20,NA,0.55,3,1,9,ND,13,0.65,0,12,1,6,0,0,6,3,2,0,NA,NA,5,NA,4,0.8,1,0,0,0,0,563,634,NA,0.888012618,522,593,NA,0.880269815,273,308,NA,0.886363636,,,,,258,302,NA,0.854304636,149,171,NA,0.871345029,156,161,NA,0.968944099,,,,127,159,NA,0.798742138,346,381,NA,0.908136483,90,94,NA,0.957446809,,,,108,139,NA,0.776978417,326,361,NA,0.903047091,88,92,NA,0.956521739,61,29,0,16,268,62,1,16,110,,,,239,283,NA,0.844522968,134,155,NA,0.864516129,146,151,NA,0.966887417,,273,307,NA,0.889250814,8.373154155,3.511116329,5.115729516,121,142,NA,0.852112676,63,72,NA,0.875,89,93,NA,0.956989247,14,21,NA,NA,0.666666667,20,1,14,24,NA,NA,0.583333333,7,9,NA,NA,NA,0.777777778,22,22,NA,NA,1,3,4,0.75,0,0,14,14,1,0,0,0,0,14,54,NA,36,18,0.666666667,20,22,60,NA,37,NA,27,10,0.72972973,11,16,27,NA,5,NA,122,32,80,NA,36,43,26,NA,NA,21,NA,9,NA,3,2,19,9,0,0,0,0,0,0,0,2,2,0,2,0,1,1,0,0,1,1,0,1,1,0,0,0,0,1,1,0,0,0,0,0,0,0,1,0,24,25,0.96,1,1,1,1,1,1,3,3,1
US.COL.040616,0,COL,18,1144,12,0,6,NA,0.333333333,2,0,4,ND,4,0.666666667,0,0,1,3,0,0,0,1,0,0,NA,NA,1,NA,0,0,1,0,0,0,0,135,207,NA,0.652173913,127,182,NA,0.697802198,92,114,NA,0.807017544,,,,,66,125,NA,0.528,36,48,NA,0.75,33,34,NA,0.970588235,,,,14,23,NA,0.608695652,87,124,NA,0.701612903,34,59,NA,0.576271186,,,,12,19,NA,0.631578947,83,110,NA,0.754545455,32,52,NA,0.615384615,17,16,0,4,74,9,0,2,12,,,,56,95,NA,0.589473684,34,44,NA,0.772727273,33,34,NA,0.970588235,,92,114,NA,0.807017544,9.140873016,3.262037037,1.597089947,40,58,NA,0.689655172,29,32,NA,0.90625,23,24,NA,0.958333333,1,4,NA,NA,0.25,4,0,8,31,NA,NA,0.258064516,1,1,NA,NA,NA,1,8,14,NA,NA,0.571428571,0,1,0,0,0,0,10,0,0,0,0,0,10,11,NA,5,6,0.454545455,22,14,42,NA,37,NA,8,29,0.216216216,23,18,41,NA,34,NA,322,48,64,NA,39,25,14,NA,NA,36,NA,27,NA,3,0,9,20,3,0,0,0,1,0,0,0,3,6,10,0.666666667,4,0,3,1,2,0,2,0,0,0,0,0,0,1,0,1,0,0,0,0,0,0,2,0,5,19,0.263157895,0,0,NA,0,0,NA,4,11,0.363636364
US.SUI.102316,2,USA,16,1059,11,5,20,NA,0.45,4,0,11,ND,10,0.5,0,0,0,0,0,0,2,3,0,0,NA,NA,4,NA,1,0.25,2,1,0,2,0,465,560,NA,0.830357143,434,519,NA,0.836223507,258,308,NA,0.837662338,,,,,188,251,NA,0.749003984,188,214,NA,0.878504673,89,95,NA,0.936842105,,,,0,0,NA,NA,0,0,NA,NA,0,0,NA,NA,,,,0,0,NA,NA,0,0,NA,NA,0,0,NA,NA,0,0,0,0,0,0,0,0,0,,,,180,239,NA,0.753138075,173,193,NA,0.896373057,80,86,NA,0.930232558,,258,308,NA,0.837662338,6.95843024,5.529549416,3.512020344,96,130,NA,0.738461538,100,112,NA,0.892857143,62,66,NA,0.939393939,11,23,NA,NA,0.47826087,16,7,10,22,NA,NA,0.454545455,15,40,NA,NA,NA,0.375,20,21,NA,NA,0.952380952,4,9,0.444444444,0,0,6,10,0.6,0,0,0,0,10,45,NA,30,15,0.666666667,16,9,40,NA,51,NA,28,23,0.549019608,24,6,30,NA,8,NA,137,47,107,NA,60,47,17,NA,NA,15,NA,8,NA,1,12,15,8,1,0,0,0,0,0,0,0,1,1,2,0.5,1,0,1,1,0,0,0,0,1,0,0,1,0,0,0,0,0,0,0,0,0,0,0,0,16,16,1,1,1,1,0,0,NA,2,2,1
US.SUI.102316,0,SUI,16,1059,11,1,4,NA,0.5,1,0,2,ND,4,1,0,0,0,0,0,0,0,0,0,0,NA,NA,1,NA,1,1,0,0,0,0,0,148,240,NA,0.616666667,126,201,NA,0.626865672,95,135,NA,0.703703704,,,,,75,149,NA,0.503355705,41,56,NA,0.732142857,32,35,NA,0.914285714,,,,0,0,NA,NA,0,0,NA,NA,0,0,NA,NA,,,,0,0,NA,NA,0,0,NA,NA,0,0,NA,NA,0,0,0,0,0,0,0,0,0,,,,54,105,NA,0.514285714,37,52,NA,0.711538462,31,34,NA,0.911764706,,95,135,NA,0.703703704,8.166941392,4.068543956,3.764514652,38,64,NA,0.59375,31,42,NA,0.738095238,26,29,NA,0.896551724,1,6,NA,NA,0.166666667,3,3,17,50,NA,NA,0.34,5,12,NA,NA,NA,0.416666667,15,19,NA,NA,0.789473684,0,0,NA,0,0,6,14,0.428571429,0,0,0,0,14,24,NA,10,14,0.416666667,20,4,38,NA,50,NA,17,33,0.34,27,3,30,NA,29,NA,304,80,74,NA,45,29,22,NA,NA,29,NA,27,NA,1,2,8,15,3,0,0,0,0,0,0,0,4,4,8,1.2,1,0,1,1,2,2,0,1,5,0,3,2,0,1,1,0,0,0,0,0,0,0,3,0,8,16,0.5,1,1,1,0,2,0,4,9,0.444444444
US.FRA.030616,2,USA,14,1035,11,1,7,NA,0.428571429,2,0,4,ND,1,0.142857143,0,5,1,1,0,0,1,0,0,0,NA,NA,2,NA,1,0.5,0,1,0,0,0,320,415,NA,0.771084337,282,359,NA,0.78551532,129,150,NA,0.86,,,,,153,226,NA,0.67699115,80,99,NA,0.808080808,87,90,NA,0.966666667,,,,52,81,NA,0.641975309,184,229,NA,0.80349345,86,107,NA,0.803738318,,,,36,57,NA,0.631578947,168,207,NA,0.811594203,79,96,NA,0.822916667,41,44,1,26,130,27,2,4,45,,,,136,191,NA,0.712041885,66,80,NA,0.825,79,82,NA,0.963414634,,129,150,NA,0.86,7.065837301,1.84604651,4.088116189,64,76,NA,0.842105263,19,27,NA,0.703703704,46,47,NA,0.978723404,2,7,NA,NA,0.285714286,6,1,13,36,NA,NA,0.361111111,6,16,NA,NA,NA,0.375,25,35,NA,NA,0.714285714,7,11,0.636363636,0,0,5,8,0.625,0,0,0,0,8,43,NA,29,14,0.674418605,17,7,38,NA,52,NA,30,22,0.576923077,9,7,16,NA,21,NA,174,27,72,NA,50,21,14,NA,NA,36,NA,11,NA,2,2,12,13,0,0,0,0,0,0,2,2,2,0,2,0,1,1,0,0,2,2,0,1,2,0,0,0,0,1,1,0,0,0,0,0,0,0,0,0,8,18,0.444444444,0,0,NA,1,2,0.5,1,6,0.166666667
US.FRA.030616,0,FRA,15,1035,11,0,6,NA,0.333333333,2,0,4,ND,2,0.333333333,0,1,0,2,2,0,0,1,0,0,NA,NA,2,NA,0,0,1,0,0,0,1,303,388,NA,0.780927835,277,349,NA,0.793696275,137,166,NA,0.825301205,,,,,129,196,NA,0.658163265,77,92,NA,0.836956522,97,100,NA,0.97,,,,50,76,NA,0.657894737,183,218,NA,0.839449541,71,95,NA,0.747368421,,,,44,65,NA,0.676923077,170,203,NA,0.837438424,64,82,NA,0.780487805,41,27,2,17,141,23,2,5,42,,,,118,170,NA,0.694117647,68,79,NA,0.860759494,91,94,NA,0.968085106,,138,167,NA,0.826347305,5.921710898,2.919511889,5.158777213,46,65,NA,0.707692308,38,45,NA,0.844444444,54,57,NA,0.947368421,3,11,NA,NA,0.272727273,8,3,15,45,NA,NA,0.333333333,0,0,NA,NA,NA,NA,18,21,NA,NA,0.857142857,1,5,0.2,0,0,4,8,0.5,0,0,2,0,10,29,NA,22,7,0.75862069,8,12,27,NA,52,NA,20,32,0.384615385,16,14,30,NA,29,NA,148,25,58,NA,41,17,16,NA,NA,36,NA,24,NA,4,0,12,11,3,0,0,0,0,0,2,0,2,1,3,0.333333333,1,0,1,1,0,0,0,0,0,0,0,0,0,0,0,0,0,0,0,0,0,0,2,0,20,36,0.555555556,3,3,1,0,2,0,1,9,0.111111111
US.ENG.030316,2,USA,16,1055,11,1,6,NA,0.333333333,1,0,4,ND,4,0.666666667,1,3,0,1,0,0,1,0,0,0,NA,NA,0,NA,0,NA,0,0,0,0,0,385,468,NA,0.822649573,357,425,NA,0.84,172,212,NA,0.811320755,,,,,184,259,NA,0.71042471,68,71,NA,0.957746479,133,138,NA,0.963768116,,,,62,81,NA,0.765432099,211,243,NA,0.868312757,112,144,NA,0.777777778,,,,56,73,NA,0.767123288,202,231,NA,0.874458874,99,121,NA,0.818181818,64,29,0,22,152,17,0,6,32,,,,163,220,NA,0.740909091,67,70,NA,0.957142857,125,130,NA,0.961538462,,172,212,NA,0.811320755,6.279454772,1.643753066,4.076792161,76,108,NA,0.703703704,30,33,NA,0.909090909,66,71,NA,0.929577465,8,11,NA,NA,0.727272727,11,0,18,48,NA,NA,0.375,2,3,NA,NA,NA,0.666666667,16,25,NA,NA,0.64,0,0,NA,0,0,9,13,0.692307692,0,0,1,0,14,38,NA,21,17,0.552631579,6,12,35,NA,82,NA,40,42,0.487804878,17,12,29,NA,16,NA,118,42,86,NA,54,32,21,NA,NA,28,NA,20,NA,1,2,14,15,0,0,0,0,0,0,0,0,2,0,2,0,0,0,0,0,1,1,0,1,1,0,0,0,0,0,0,0,1,1,0,0,0,0,0,0,9,22,0.409090909,3,3,1,0,2,0,4,10,0.4
US.ENG.030316,0,ENG,15,1057,11,0,4,NA,0.5,2,0,2,ND,0,0,0,2,0,1,0,0,0,0,0,0,NA,NA,0,NA,0,NA,0,0,0,0,0,195,286,NA,0.681818182,167,241,NA,0.692946058,97,130,NA,0.746153846,,,,,113,189,NA,0.597883598,32,41,NA,0.780487805,50,56,NA,0.892857143,,,,59,85,NA,0.694117647,106,151,NA,0.701986755,30,50,NA,0.6,,,,46,66,NA,0.696969697,96,136,NA,0.705882353,25,39,NA,0.641025641,6,8,0,0,69,16,0,2,37,,,,88,147,NA,0.598639456,28,34,NA,0.823529412,48,54,NA,0.888888889,,97,130,NA,0.746153846,7.386233211,1.736782662,3.876984127,49,74,NA,0.662162162,16,20,NA,0.8,32,36,NA,0.888888889,5,12,NA,NA,0.416666667,11,1,13,50,NA,NA,0.26,2,4,NA,NA,NA,0.5,21,27,NA,NA,0.777777778,1,4,0.25,0,0,5,12,0.416666667,0,0,1,0,13,32,NA,18,14,0.5625,13,10,37,NA,82,NA,39,43,0.475609756,19,3,22,NA,19,NA,189,72,75,NA,42,33,26,NA,NA,22,NA,20,NA,0,2,14,14,0,0,0,0,0,0,0,0,1,1,2,0.5,0,0,0,0,3,3,0,1,1,0,0,1,0,1,1,0,0,0,0,0,0,0,0,0,6,13,0.461538462,0,0,NA,1,2,0.5,4,8,0.5
US.GER.030916,2,USA,16,1057,11,2,5,NA,0.6,1,0,2,ND,4,0.8,0,3,0,2,0,0,1,1,1,0,NA,NA,1,NA,1,1,0,0,0,1,0,226,339,NA,0.666666667,219,319,NA,0.686520376,116,164,NA,0.707317073,,,,,124,207,NA,0.599033816,41,62,NA,0.661290323,61,70,NA,0.871428571,,,,26,62,NA,0.419354839,146,200,NA,0.73,53,75,NA,0.706666667,,,,25,54,NA,0.462962963,144,194,NA,0.742268041,49,69,NA,0.710144928,28,24,0,14,109,23,1,3,22,,,,116,186,NA,0.623655914,40,55,NA,0.727272727,61,70,NA,0.871428571,,116,164,NA,0.707317073,9.281313131,3.002525253,3.716161616,49,82,NA,0.597560976,27,37,NA,0.72972973,40,45,NA,0.888888889,1,12,NA,NA,0.083333333,11,1,21,50,NA,NA,0.42,27,50,NA,NA,NA,0.54,0,0,NA,NA,NA,1,7,0.142857143,0,0,3,8,0.375,0,0,1,0,9,38,NA,29,9,0.763157895,20,16,45,NA,84,NA,30,54,0.357142857,14,0,14,NA,12,NA,197,65,81,NA,54,26,22,NA,NA,40,NA,24,NA,0,4,13,7,0,0,0,0,0,0,0,0,4,1,5,0.2,0,0,0,0,0,0,0,0,0,0,0,0,0,0,0,0,0,0,0,0,0,0,0,0,15,26,0.576923077,1,1,1,2,4,0.5,3,9,0.333333333
US.GER.030916,0,GER,15,1060,11,1,7,NA,0.571428571,3,0,3,ND,2,0.285714286,0,3,0,3,1,0,0,0,0,0,NA,NA,0,NA,0,NA,0,0,0,0,0,307,401,NA,0.765586035,297,384,NA,0.7734375,168,212,NA,0.79245283,,,,,135,204,NA,0.661764706,87,104,NA,0.836538462,85,93,NA,0.913978495,,,,63,88,NA,0.715909091,172,224,NA,0.767857143,71,88,NA,0.806818182,,,,58,82,NA,0.707317073,172,222,NA,0.774774775,66,78,NA,0.846153846,41,29,1,6,142,23,0,8,55,,,,124,186,NA,0.666666667,83,99,NA,0.838383838,84,92,NA,0.913043478,,169,212,NA,0.797169811,6.451556219,4.610725285,3.937718496,63,90,NA,0.7,52,62,NA,0.838709677,54,60,NA,0.9,9,15,NA,NA,0.6,13,2,19,35,NA,NA,0.542857143,29,38,NA,NA,NA,0.763157895,0,0,NA,NA,NA,5,6,0.833333333,0,0,1,4,0.25,0,0,1,0,5,26,NA,13,13,0.5,15,20,48,NA,83,NA,50,33,0.602409639,12,0,12,NA,28,NA,142,63,101,NA,66,35,16,NA,NA,25,NA,35,NA,0,2,7,13,2,0,0,0,2,0,0,0,1,2,3,0.666666667,1,0,1,1,5,5,0,1,5,0,0,0,0,3,3,0,0,0,0,1,1,0,1,0,22,32,0.6875,2,3,0.666666667,2,5,0.4,7,9,0.777777778
LYON.PSG.020516,1,LYON,13,1047,11,0,13,NA,0.538461538,7,0,6,ND,4,0.307692308,1,3,2,4,1,0,0,3,0,0,NA,NA,2,NA,0,0,2,0,0,0,0,542,621,NA,0.872785829,513,582,NA,0.881443299,199,226,235.0115161,9.542372713,,,,,254,308,NA,0.824675325,121,138,NA,0.876811594,167,175,NA,0.954285714,,,,32,43,45.24479545,6.743939394,135,148,145.6000447,10.36755952,21,22,20.99229782,6.833333333,,,,29,37,38.80962215,7.016666667,131,144,141.6603784,10.36212474,21,22,20.99229782,6.833333333,11,10,0,0,116,17,1,6,25,,,,237,285,NA,0.831578947,113,126,NA,0.896825397,160,168,NA,0.952380952,,199,226,NA,0.880530973,3.899538129,2.244066256,4.856395615,70,84,NA,0.833333333,35,42,NA,0.833333333,94,100,NA,0.94,4,11,NA,NA,0.363636364,10,1,20,44,NA,NA,0.454545455,1,5,NA,NA,NA,0.2,18,19,NA,NA,0.947368421,2,6,0.333333333,0,0,6,10,0.6,0,0,3,0,13,40,NA,9,31,0.225,5,9,45,NA,52,NA,31,21,0.596153846,13,0,13,NA,5,NA,151,47,74,NA,36,38,14,NA,NA,21,NA,7,NA,1,1,23,11,0,0,0,0,0,0,0,0,0,0,0,0,0,0,0,0,1,1,0,1,1,0,0,0,0,1,1,0,0,0,0,0,0,0,1,0,18,23,0.782608696,3,4,0.75,0,0,NA,4,5,0.8
LYON.PSG.020517,1,PSG,12,1046,11,0,1,NA,0,0,0,1,ND,1,1,0,1,0,0,0,0,0,0,0,0,NA,NA,0,NA,0,NA,0,0,0,0,0,211,290,NA,0.727586207,185,251,NA,0.737051793,122,158,163.6419726,9.303112372,,,,,122,189,NA,0.645502646,28,36,NA,0.777777778,61,65,NA,0.938461538,,,,13,18,18.18111455,5.416666667,43,55,53.60990712,7.325577201,21,31,29.36842105,6.978354978,,,,13,18,18.18111455,5.416666667,42,52,50.76780186,7.537698413,19,27,25.57894737,7.041666667,10,11,0,4,36,3,1,1,11,,,,97,146,NA,0.664383562,26,34,NA,0.764705882,58,62,NA,0.935483871,,122,159,NA,0.767295597,7.082154304,1.896608875,3.021236822,60,89,NA,0.674157303,20,26,NA,0.769230769,42,44,NA,0.954545455,3,7,NA,NA,0.428571429,7,0,8,26,NA,NA,0.307692308,4,6,NA,NA,NA,0.666666667,11,19,NA,NA,0.578947368,2,2,1,0,0,3,5,0.6,0,0,0,0,5,18,NA,5,13,0.277777778,3,6,22,NA,51,NA,20,31,0.392156863,32,0,32,NA,10,NA,187,83,45,NA,31,14,16,NA,NA,16,NA,29,NA,0,8,12,18,0,0,0,0,0,0,0,4,8,0,7,0,3,3,0,0,5,5,0,1,3,2,0,0,0,1,1,0,2,2,0,0,0,0,0,0,22,37,0.594594595,8,9,0.888888889,2,4,0.5,4,11,0.363636364
ENG.FRA.030916,1,ENG,14,1046,11,0,7,NA,0.285714286,2,0,5,ND,4,0.571428571,0,1,0,4,0,0,0,2,0,0,NA,NA,2,NA,0,0,1,1,0,0,0,234,375,NA,0.624,217,337,NA,0.643916914,83,119,152.1224871,8.87671789,,,,,132,256,NA,0.515625,44,59,NA,0.745762712,58,60,NA,0.966666667,,,,0,1,0.947368421,0,0,0,0,0,0,0,0,0,,,,0,1,0.947368421,0,0,0,0,0,0,0,0,0,0,0,0,0,0,0,0,0,0,,,,117,214,NA,0.546728972,41,54,NA,0.759259259,57,59,NA,0.966101695,,83,119,NA,0.697478992,8.815972998,2.660938082,2.523088921,42,70,NA,0.6,15,22,NA,0.681818182,26,27,NA,0.962962963,3,9,NA,NA,0.333333333,9,0,15,51,NA,NA,0.294117647,15,29,NA,NA,NA,0.517241379,15,26,NA,NA,0.576923077,0,1,0,0,0,2,8,0.25,0,0,1,0,9,23,NA,14,9,0.608695652,13,16,38,NA,88,NA,43,45,0.488636364,27,5,32,NA,15,NA,168,58,108,NA,62,45,26,NA,NA,31,NA,20,NA,1,3,8,12,0,0,0,0,0,0,1,1,4,0,4,0,2,2,0,0,2,2,0,1,1,1,0,0,0,1,1,0,0,0,0,0,0,0,0,0,8,26,0.307692308,0,0,NA,0,3,0,3,12,0.25
ENG.FRA.030916,1,FRA,15,1045,11,0,11,NA,0.363636364,3,1,7,ND,3,0.272727273,0,5,0,3,0,0,0,4,0,0,NA,NA,4,NA,0,0,2,1,1,0,0,276,384,NA,0.71875,254,352,NA,0.721590909,116,156,193.6458576,10.4114726,,,,,151,239,NA,0.631799163,52,68,NA,0.764705882,73,77,NA,0.948051948,,,,0,0,0,0,6,6,6.579683474,5,0,0,0,0,,,,0,0,0,0,6,6,6.579683474,5,0,0,0,0,0,0,0,0,2,1,0,0,0,,,,137,212,NA,0.646226415,46,60,NA,0.766666667,70,74,NA,0.945945946,,116,156,NA,0.743589744,8.351485769,2.586992174,3.061522056,56,86,NA,0.651162791,24,31,NA,0.774193548,36,39,NA,0.923076923,2,8,NA,NA,0.25,6,2,17,54,NA,NA,0.314814815,18,25,NA,NA,NA,0.72,9,11,NA,NA,0.818181818,3,5,0.6,0,0,5,10,0.5,0,0,0,0,10,23,NA,18,5,0.782608696,21,27,53,NA,87,NA,35,52,0.402298851,16,2,18,NA,12,NA,129,43,114,NA,79,35,22,NA,NA,42,NA,32,NA,1,6,12,8,0,0,0,0,0,0,0,0,2,0,2,0,1,1,0,0,4,4,0,1,4,0,0,0,0,2,2,0,1,1,0,1,1,0,0,1,18,30,0.6,5,6,0.833333333,0,0,NA,2,10,0.2
ENG.GER.030616,1,ENG,15,1058,11,1,6,NA,0.333333333,1,0,4,ND,2,0.333333333,1,2,0,3,0,0,1,0,0,0,NA,NA,0,NA,0,NA,0,0,0,0,0,137,202,NA,0.678217822,97,149,NA,0.651006711,67,94,123.1055538,9.523737374,,,,,76,130,NA,0.584615385,29,37,NA,0.783783784,32,35,NA,0.914285714,,,,0,0,0,0,0,0,0,0,0,0,0,0,,,,0,0,0,0,0,0,0,0,0,0,0,0,0,0,0,0,0,0,0,0,0,,,,41,79,NA,0.518987342,22,29,NA,0.75862069,31,34,NA,0.911764706,,67,94,NA,0.712765957,7.68982684,2.88982684,3.42034632,26,47,NA,0.553191489,13,17,NA,0.764705882,28,30,NA,0.933333333,3,5,NA,NA,0.6,4,1,10,34,NA,NA,0.294117647,3,7,NA,NA,NA,0.428571429,25,33,NA,NA,0.757575758,0,0,NA,0,0,11,15,0.733333333,0,0,0,0,15,13,NA,7,6,0.538461538,16,8,30,NA,74,NA,32,42,0.432432432,14,16,30,NA,26,NA,245,48,51,NA,37,14,10,NA,NA,36,NA,46,NA,3,0,15,16,2,0,0,2,3,3,0,0,5,2,7,0.285714286,0,0,0,0,3,2,1,0.666666667,2,0,0,0,0,2,1,1,1,1,0,0,0,0,0,0,11,21,0.523809524,4,4,1,0,1,0,4,8,0.5
ENG.GER.030617,1,GER,17,1061,11,1,12,NA,0.583333333,5,1,5,ND,2,0.166666667,0,7,0,4,0,0,0,0,0,0,NA,NA,0,NA,0,NA,0,0,0,0,0,368,444,NA,0.828828829,323,384,NA,0.841145833,223,253,370.0782864,15.0162607,,,,,161,216,NA,0.74537037,113,129,NA,0.875968992,94,99,NA,0.949494949,,,,0,0,0,0,0,0,0,0,0,0,0,0,,,,0,0,0,0,0,0,0,0,0,0,0,0,0,0,0,0,0,0,0,0,0,,,,137,179,NA,0.765363128,94,106,NA,0.886792453,88,92,NA,0.956521739,,224,254,NA,0.881889764,8.02962788,4.385068621,4.585303499,88,107,NA,0.822429907,60,69,NA,0.869565217,76,78,NA,0.974358974,8,12,NA,NA,0.666666667,11,1,14,33,NA,NA,0.424242424,6,12,NA,NA,NA,0.5,30,37,NA,NA,0.810810811,3,5,0.6,0,0,6,10,0.6,0,0,1,0,11,39,NA,26,13,0.666666667,20,9,42,NA,74,NA,38,36,0.513513514,8,12,20,NA,7,NA,102,19,83,NA,42,39,2,NA,NA,21,NA,18,NA,2,6,13,12,3,0,2,0,0,0,0,0,1,1,2,0.5,0,0,0,0,0,0,0,0,0,0,0,0,0,0,0,0,0,0,0,0,0,0,0,0,28,35,0.8,4,4,1,2,4,0.5,4,7,0.571428571
US.RUS.040617,,USA,17,1062,11,4,34,NA,0.441176471,4,0,19,7,21,0.617647059,,,,,,,3,3,1,0,NA,NA,3,NA,1,0,0,2,0,0,0,412,529,NA,0.778827977,370,481,NA,0.769230769,,,,,,,,,206,274,NA,0.751824818,122,164,NA,0.743902439,84,91,NA,0.923076923,,,,,,,,,,,,,,,,,,,,,,,,,,,,,,,,,,,,,,,,,,,187,254,NA,0.736220472,104,141,NA,0.737588652,79,86,NA,0.918604651,,232,283,NA,0.819787986,8.439436664,4.89008739,3.670475945,102,133,NA,0.766917293,71,88,NA,0.806818182,59,62,NA,0.951612903,8,21,NA,NA,0.380952381,,,6,11,NA,NA,0.545454545,6,16,NA,NA,NA,0.375,18,20,NA,NA,0.9,11,15,0.733333333,1,0,9,9,1,0,0,1,0,10,69,NA,58,11,0.84057971,6,18,35,NA,30,NA,26,4,0.866666667,13,7,20,NA,3,NA,126,25,111,NA,64,44,10,NA,NA,17,NA,22,NA,0,,19,9,1,0,1,0,,,,,1,0,1,0,0,0,0,0,0,0,0,1,0,0,0,0,0,0,0,0,0,0,0,0,0,,0,0,16,16,1,3,3,1,0,0,NA,1,1,1
US.RUS.040617,,RUS,14,1059,11,0,4,NA,0.5,1,0,2,1,2,0.5,,,,,,,0,0,0,0,NA,NA,0,NA,0,NA,0,0,0,0,0,133,224,NA,0.59375,93,170,NA,0.547058824,,,,,,,,,74,150,NA,0.493333333,17,29,NA,0.586206897,42,45,NA,0.933333333,,,,,,,,,,,,,,,,,,,,,,,,,,,,,,,,,,,,,,,,,,,46,111,NA,0.414414414,10,19,NA,0.526315789,37,40,NA,0.925,,62,101,NA,0.613861386,7.420562771,1.328246753,4.251190476,29,60,NA,0.483333333,5,11,NA,0.454545455,29,31,NA,0.935483871,0,4,NA,NA,0,,,30,61,NA,NA,0.491803279,0,2,NA,NA,NA,0,18,19,NA,NA,0.947368421,0,2,0,0,0,8,13,0.615384615,0,0,0,0,13,18,NA,8,10,0.444444444,7,12,29,NA,29,NA,4,25,0.137931034,13,6,19,NA,43,NA,381,38,77,NA,53,23,19,NA,NA,34,NA,21,NA,0,,10,17,3,0,0,1,,,,,4,3,7,0.428571429,1,0,1,1,6,6,0,6,0,0,0,0,3,3,0,1,1,0,0,0,0,,0,0,28,41,0.682926829,0,0,NA,1,3,0.333333333,17,22,0.772727273
US.CAN.110917,,USA,16,1057,11,1,11,NA,0.636363636,3,0,4,3,7,0.636363636,,,,,,,0,1,0,0,NA,NA,0,NA,0,NA,0,0,0,0,0,280,384,NA,0.729166667,251,338,NA,0.74260355,,,,,,,,,144,229,NA,0.628820961,60,75,NA,0.8,76,80,NA,0.95,,,,,,,,,,,,,,,,,,,,,,,,,,,,,,,,,,,,,,,,,,,121,192,NA,0.630208333,58,70,NA,0.828571429,72,76,NA,0.947368421,,123,170,NA,0.723529412,9.943491231,2.900335775,3.156172994,52,90,NA,0.577777778,27,33,NA,0.818181818,44,47,NA,0.936170213,4,13,NA,NA,0.307692308,,,14,31,NA,NA,0.451612903,2,9,NA,NA,NA,0.222222222,18,24,NA,NA,0.75,1,4,0.25,0,0,4,7,0.571428571,0,1,1,0,8,23,NA,15,8,0.652173913,22,8,38,NA,68,NA,28,40,0.411764706,15,17,32,NA,11,NA,172,33,66,NA,48,16,24,NA,NA,26,NA,32,NA,0,,3,4,0,0,0,0,,,,,7,1,8,0.125,1,0,1,1,0,0,0,2,0,0,0,0,0,0,0,0,0,0,0,0,0,,0,0,23,33,0.696969697,2,3,0.666666667,1,2,0.5,4,7,0.571428571
US.CAN.110917,,CAN,14,1058,11,1,17,NA,0.588235294,7,1,7,1,8,0.470588235,,,,,,,1,3,1,0,NA,NA,3,NA,1,0,0,2,0,0,0,241,349,NA,0.690544413,209,295,NA,0.708474576,,,,,,,,,135,223,NA,0.605381166,39,56,NA,0.696428571,67,70,NA,0.957142857,,,,,,,,,,,,,,,,,,,,,,,,,,,,,,,,,,,,,,,,,,,114,184,NA,0.619565217,32,45,NA,0.711111111,63,66,NA,0.954545455,,106,153,NA,0.692810458,7.679206521,2.056226794,4.264566685,56,94,NA,0.595744681,16,26,NA,0.615384615,34,35,NA,0.971428571,4,24,NA,NA,0.166666667,,,17,37,NA,NA,0.459459459,9,19,NA,NA,NA,0.473684211,22,29,NA,NA,0.75862069,2,5,0.4,0,0,3,10,0.3,0,0,0,0,10,21,NA,11,10,0.523809524,19,9,38,NA,67,NA,35,32,0.52238806,14,17,31,NA,15,NA,186,46,71,NA,44,27,29,NA,NA,15,NA,20,NA,2,,4,4,1,0,0,0,,,,,3,0,3,0,0,0,0,0,2,2,0,0,0,0,0,0,2,2,0,0,0,0,0,0,0,,0,0,0,0,NA,0,0,NA,0,0,NA,0,0,NA
US.SWE.060817,,USA,16,1028,11,1,7,NA,0.857142857,3,0,1,2,3,0.428571429,,,,,,,1,1,0,0,NA,NA,1,NA,0,0,0,1,0,0,0,376,467,NA,0.805139186,332,414,NA,0.801932367,,,,,,,,,175,244,NA,0.717213115,98,113,NA,0.867256637,103,110,NA,0.936363636,,,,,,,,,,,,,,,,,,,,,,,,,,,,,,,,,,,,,,,,,,,138,200,NA,0.69,92,105,NA,0.876190476,102,109,NA,0.935779817,,180,234,NA,0.769230769,7.131700084,3.384177109,4.484122807,67,107,NA,0.626168224,45,56,NA,0.803571429,69,72,NA,0.958333333,1,13,NA,NA,0.076923077,,,23,37,NA,NA,0.621621622,5,13,NA,NA,NA,0.384615385,21,22,NA,NA,0.954545455,0,2,0,0,0,11,13,0.846153846,0,0,0,0,13,21,NA,19,2,0.904761905,11,24,37,NA,48,NA,21,27,0.4375,8,15,23,NA,7,NA,300,33,91,NA,73,16,16,NA,NA,34,NA,33,NA,0,,8,3,0,0,0,0,,,,,6,0,6,0,0,0,0,0,4,4,0,10,0,0,0,0,4,4,0,1,1,0,0,0,0,,3,0,32,40,0.8,3,3,1,2,3,0.666666667,11,14,0.785714286
US.SWE.060817,,SWE,16,1120,12,0,13,NA,0.769230769,6,0,3,4,8,0.615384615,,,,,,,0,0,0,0,NA,NA,0,NA,0,NA,0,0,0,0,0,360,493,NA,0.730223124,321,441,NA,0.727891156,,,,,,,,,176,269,NA,0.654275093,85,118,NA,0.720338983,99,106,NA,0.933962264,,,,,,,,,,,,,,,,,,,,,,,,,,,,,,,,,,,,,,,,,,,162,250,NA,0.648,68,93,NA,0.731182796,91,98,NA,0.928571429,,184,264,NA,0.696969697,7.698577977,3.843024394,3.458397628,82,136,NA,0.602941176,43,64,NA,0.671875,59,64,NA,0.921875,1,29,NA,NA,0.034482759,,,15,35,NA,NA,0.428571429,3,6,NA,NA,NA,0.5,27,28,NA,NA,0.964285714,1,10,0.1,0,0,6,6,1,0,0,0,0,6,16,NA,9,7,0.5625,15,12,34,NA,45,NA,22,23,0.488888889,9,5,14,NA,14,NA,262,46,101,NA,65,36,16,NA,NA,22,NA,7,NA,0,,3,9,0,0,0,0,,,,,3,1,4,0.25,0,0,0,0,5,5,0,9,0,0,0,0,4,4,0,1,1,0,0,0,0,,2,0,23,27,0.851851852,4,4,1,0,1,0,1,3,0.333333333
US.NOR.061117,,USA,14,1166,12,1,11,NA,0.181818182,0,0,9,1,7,0.636363636,,,,,,,1,1,1,0,NA,NA,1,NA,1,0,0,0,0,0,0,309,399,NA,0.77443609,286,355,NA,0.805633803,,,,,,,,,165,233,NA,0.708154506,36,49,NA,0.734693878,108,117,NA,0.923076923,,,,,,,,,,,,,,,,,,,,,,,,,,,,,,,,,,,,,,,,,,,146,197,NA,0.741116751,35,44,NA,0.795454545,105,114,NA,0.921052632,,128,163,NA,0.785276074,6.237960349,1.250809336,5.511230316,54,78,NA,0.692307692,16,20,NA,0.8,58,65,NA,0.892307692,3,16,NA,NA,0.1875,,,17,39,NA,NA,0.435897436,1,7,NA,NA,NA,0.142857143,11,14,NA,NA,0.785714286,1,4,0.25,0,0,5,8,0.625,0,0,0,0,8,24,NA,18,6,0.75,6,18,30,NA,51,NA,22,29,0.431372549,13,15,28,NA,24,NA,268,57,69,NA,42,27,12,NA,NA,27,NA,25,NA,0,,6,5,0,0,0,0,,,,,2,0,2,0,0,0,0,0,3,3,0,2,0,0,0,0,3,3,0,0,0,0,0,0,0,,0,0,10,24,0.416666667,2,2,1,0,4,0,7,17,0.411764706
US.NOR.061117,,NOR,15,1069,11,0,2,NA,1,1,0,0,1,0,0,,,,,,,0,0,0,0,NA,NA,0,NA,0,NA,0,0,0,0,0,327,434,NA,0.753456221,289,383,NA,0.754569191,,,,,,,,,172,244,NA,0.704918033,69,97,NA,0.711340206,86,93,NA,0.924731183,,,,,,,,,,,,,,,,,,,,,,,,,,,,,,,,,,,,,,,,,,,149,214,NA,0.696261682,62,84,NA,0.738095238,78,85,NA,0.917647059,,160,213,NA,0.751173709,7.526377643,2.062768701,4.410853657,74,110,NA,0.672727273,27,40,NA,0.675,59,63,NA,0.936507937,3,27,NA,NA,0.111111111,,,15,36,NA,NA,0.416666667,8,12,NA,NA,NA,0.666666667,23,28,NA,NA,0.821428571,1,6,0.166666667,0,0,3,5,0.6,0,0,0,0,5,36,NA,23,13,0.638888889,14,12,39,NA,51,NA,29,22,0.568627451,3,8,11,NA,18,NA,206,32,82,NA,51,29,7,NA,NA,26,NA,23,NA,2,,5,7,0,0,0,0,,,,,0,1,1,1,1,0,1,1,1,1,0,0,0,0,0,0,1,1,0,0,0,0,0,0,0,,0,0,19,21,0.904761905,4,4,1,0,0,NA,8,9,0.888888889
US.RUS.040917,,USA,17,1045,11,4,20,NA,0.8,7,0,4,5,10,0.5,,,,,,,3,7,3,1,NA,NA,6,NA,3,0.333333333,2,1,0,0,0,510,618,NA,0.825242718,470,565,NA,0.831858407,,,,,,,,,219,291,NA,0.75257732,156,185,NA,0.843243243,135,142,NA,0.950704225,,,,,,,,,,,,,,,,,,,,,,,,,,,,,,,,,,,,,,,,,,,210,277,NA,0.758122744,139,160,NA,0.86875,121,128,NA,0.9453125,,260,320,NA,0.8125,7.916978658,3.899628902,4.18339244,103,143,NA,0.72027972,72,87,NA,0.827586207,85,90,NA,0.944444444,6,30,NA,NA,0.2,,,12,25,NA,NA,0.48,13,30,NA,NA,NA,0.433333333,23,25,NA,NA,0.92,8,15,0.533333333,0,0,6,10,0.6,0,1,0,0,10,45,NA,29,16,0.644444444,10,17,43,NA,35,NA,25,10,0.714285714,7,10,17,NA,4,NA,134,15,84,NA,52,30,14,NA,NA,11,NA,7,NA,1,,9,3,0,0,1,1,,,,,0,1,1,1,0,0,0,0,1,1,0,1,0,0,0,0,1,1,0,0,0,0,0,0,0,,1,0,17,17,1,2,2,1,0,0,NA,2,2,1
US.RUS.040917,,RUS,16,1330,14,1,2,NA,1,0,0,0,1,1,0.5,,,,,,,0,0,0,0,NA,NA,0,NA,0,NA,0,0,0,0,0,115,193,NA,0.595854922,93,152,NA,0.611842105,,,,,,,,,61,132,NA,0.462121212,22,27,NA,0.814814815,32,34,NA,0.941176471,,,,,,,,,,,,,,,,,,,,,,,,,,,,,,,,,,,,,,,,,,,44,97,NA,0.453608247,18,22,NA,0.818181818,31,33,NA,0.939393939,,59,95,NA,0.621052632,9.63009768,2.900174825,3.469727495,23,55,NA,0.418181818,14,16,NA,0.875,22,24,NA,0.916666667,0,3,NA,NA,0,,,14,50,NA,NA,0.28,0,4,NA,NA,NA,0,13,15,NA,NA,0.866666667,0,1,0,0,0,4,8,0.5,0,0,0,0,8,11,NA,5,6,0.454545455,11,10,27,NA,32,NA,6,26,0.1875,19,6,25,NA,24,NA,390,45,54,NA,36,17,17,NA,NA,24,NA,32,NA,1,,3,8,1,0,1,1,,,,,7,4,11,0.363636364,5,2,3,0.6,12,11,1,6,0,0,0,1,8,7,1,4,4,0,1,1,0,,2,1,15,36,0.416666667,2,2,1,2,5,0.4,4,17,0.235294118
US.ENG.021315,,USA,14,1078,11,1,14,NA,0.928571429,7,0,1,5,11,0.785714286,,,,,,,1,0,0,0,NA,NA,0,NA,0,NA,0,0,0,0,0,522,633,NA,0.82464455,502,604,NA,0.831125828,,,,,,,,,255,343,NA,0.743440233,77,90,NA,0.855555556,190,200,NA,0.95,,,,,,,,,,,,,,,,,,,,,,,,,,,,,,,,,,,,,,,,,,,244,329,NA,0.741641337,77,88,NA,0.875,181,187,NA,0.967914439,,262,328,NA,0.798780488,7.129777985,1.149118019,4.721103996,105,158,NA,0.664556962,28,35,NA,0.8,129,135,NA,0.955555556,9,34,NA,NA,0.264705882,,,0,2,NA,NA,0,12,17,NA,NA,NA,0.705882353,12,12,NA,NA,1,4,10,0.4,0,0,2,4,0.5,0,0,1,0,5,9,NA,3,6,0.333333333,14,5,25,NA,41,NA,24,17,0.585365854,18,0,18,NA,1,NA,207,34,92,NA,56,36,14,NA,NA,40,NA,23,NA,0,,7,6,0,0,0,0,,,,,2,0,2,0,0,0,0,0,1,1,0,3,0,0,0,0,1,1,0,0,0,0,0,0,0,,1,0,6,8,0.75,1,1,1,0,0,NA,1,2,0.5
US.ENG.021315,,ENG,16,1078,11,0,4,NA,0.5,2,0,2,0,2,0.5,,,,,,,0,0,0,0,NA,NA,0,NA,0,NA,0,0,0,0,0,192,295,NA,0.650847458,169,249,NA,0.678714859,,,,,,,,,108,197,NA,0.54822335,26,37,NA,0.702702703,58,61,NA,0.950819672,,,,,,,,,,,,,,,,,,,,,,,,,,,,,,,,,,,,,,,,,,,91,161,NA,0.565217391,22,30,NA,0.733333333,56,58,NA,0.965517241,,117,176,NA,0.664772727,9.807056731,1.753968254,4.438975015,60,111,NA,0.540540541,13,20,NA,0.65,44,45,NA,0.977777778,0,9,NA,NA,0,,,1,6,NA,NA,0.166666667,4,5,NA,NA,NA,0.8,15,29,NA,NA,0.517241379,0,2,0,0,0,3,5,0.6,0,0,0,0,5,1,NA,1,0,1,18,8,26,NA,42,NA,17,25,0.404761905,14,5,19,NA,3,NA,376,62,75,NA,46,28,12,NA,NA,52,NA,27,NA,0,,4,7,0,0,0,0,,,,,7,1,8,0.125,0,0,0,0,3,3,0,7,0,0,0,0,2,2,0,0,0,0,1,1,0,,0,0,8,15,0.533333333,3,3,1,1,2,0.5,3,7,0.428571429
US.FRA.020815,,USA,14,1046,11,0,16,NA,0.5,4,0,8,4,10,0.625,,,,,,,0,0,0,0,NA,NA,1,NA,0,0,0,0,0,1,1,334,428,NA,0.780373832,315,399,NA,0.789473684,,,,,,,,,174,248,NA,0.701612903,69,82,NA,0.841463415,91,98,NA,0.928571429,,,,,,,,,,,,,,,,,,,,,,,,,,,,,,,,,,,,,,,,,,,164,230,NA,0.713043478,66,78,NA,0.846153846,85,91,NA,0.934065934,,176,231,NA,0.761904762,7.209536626,2.326829384,3.46363399,82,122,NA,0.672131148,29,38,NA,0.763157895,65,71,NA,0.915492958,4,11,NA,NA,0.363636364,,,4,12,NA,NA,0.333333333,2,5,NA,NA,NA,0.4,13,15,NA,NA,0.866666667,3,3,1,0,0,0,6,0,0,0,1,0,7,13,NA,5,8,0.384615385,29,8,45,NA,38,NA,18,20,0.473684211,29,9,38,NA,6,NA,306,47,100,NA,71,29,21,NA,NA,46,NA,19,NA,2,,9,5,1,0,1,0,,,,,2,2,4,0.5,0,0,0,0,0,0,0,1,0,0,0,0,0,0,0,0,0,0,0,0,0,,0,0,10,13,0.769230769,1,1,1,1,1,1,1,4,0.25
US.FRA.020815,,FRA,16,1048,11,2,13,NA,0.384615385,2,0,8,1,7,0.538461538,,,,,,,2,0,0,0,NA,NA,0,NA,0,NA,0,0,0,0,0,377,491,NA,0.767820774,359,454,NA,0.790748899,,,,,,,,,183,271,NA,0.675276753,67,83,NA,0.807228916,127,137,NA,0.927007299,,,,,,,,,,,,,,,,,,,,,,,,,,,,,,,,,,,,,,,,,,,173,243,NA,0.711934156,63,78,NA,0.807692308,123,133,NA,0.92481203,,185,239,NA,0.774058577,7.973001291,2.583600047,5.443398662,77,114,NA,0.675438596,31,41,NA,0.756097561,77,84,NA,0.916666667,3,14,NA,NA,0.214285714,,,3,13,NA,NA,0.230769231,1,3,NA,NA,NA,0.333333333,13,17,NA,NA,0.764705882,1,2,0.5,0,0,2,4,0.5,0,0,0,0,4,19,NA,6,13,0.315789474,27,7,47,NA,39,NA,17,22,0.435897436,28,7,35,NA,5,NA,282,43,126,NA,78,47,15,NA,NA,43,NA,15,NA,2,,5,9,0,0,0,1,,,,,4,0,4,0,0,0,0,0,5,5,0,10,0,0,1,0,2,2,0,0,0,0,3,3,0,,1,0,19,36,0.527777778,1,1,1,1,6,0.166666667,1,9,0.111111111
US.THA.091516,,USA,17,1060,11,9,36,NA,0.611111111,7,2,14,4,18,0.5,,,,,,,6,7,3,2,NA,NA,6,NA,3,0.333333333,2,1,0,1,0,496,599,NA,0.828046745,469,567,NA,0.827160494,,,,,,,,,241,303,NA,0.795379538,113,143,NA,0.79020979,142,153,NA,0.928104575,,,,,,,,,,,,,,,,,,,,,,,,,,,,,,,,,,,,,,,,,,,229,288,NA,0.795138889,106,134,NA,0.791044776,134,145,NA,0.924137931,,201,261,NA,0.770114943,8.304139194,3.642948718,4.052912088,89,127,NA,0.700787402,44,60,NA,0.733333333,68,74,NA,0.918918919,11,29,NA,NA,0.379310345,,,3,6,NA,NA,0.5,23,33,NA,NA,NA,0.696969697,19,21,NA,NA,0.904761905,4,5,0.8,0,0,2,3,0.666666667,0,0,1,0,4,32,NA,25,7,0.78125,10,7,24,NA,11,NA,8,3,0.727272727,19,9,28,NA,6,NA,205,26,86,NA,51,33,22,NA,NA,35,NA,6,NA,3,,4,6,0,0,0,0,,,,,2,0,2,0,0,0,0,0,1,1,0,3,0,0,0,0,1,1,0,0,0,0,0,0,0,,0,0,9,10,0.9,1,1,1,0,0,NA,1,2,0.5
US.THA.091516,,THA,17,1067,11,0,8,NA,0.5,2,1,4,1,6,0.75,,,,,,,0,0,0,0,NA,NA,0,NA,0,NA,0,0,0,0,0,237,335,NA,0.707462687,219,304,NA,0.720394737,,,,,,,,,121,197,NA,0.614213198,58,72,NA,0.805555556,58,66,NA,0.878787879,,,,,,,,,,,,,,,,,,,,,,,,,,,,,,,,,,,,,,,,,,,109,173,NA,0.630057803,52,65,NA,0.8,58,66,NA,0.878787879,,141,194,NA,0.726804124,7.93479173,2.901040007,5.164168262,65,101,NA,0.643564356,33,42,NA,0.785714286,43,51,NA,0.843137255,0,3,NA,NA,0,,,3,11,NA,NA,0.272727273,5,9,NA,NA,NA,0.555555556,9,12,NA,NA,0.75,0,0,NA,0,0,1,1,1,0,0,0,0,1,13,NA,6,7,0.461538462,24,11,42,NA,11,NA,3,8,0.272727273,12,4,16,NA,24,NA,299,35,61,NA,43,17,18,NA,NA,40,NA,14,NA,1,,6,4,0,0,0,0,,,,,7,9,16,0.5625,4,1,3,0.75,5,3,2,0,0,0,4,0,3,2,1,2,1,1,0,0,0,,2,0,12,24,0.5,5,6,0.833333333,0,1,0,4,12,0.333333333
US.FRA.030717,,USA,16,964,11,0,13,NA,0.692307692,3,1,4,5,10,0.769230769,,,,,,,0,2,0,0,NA,NA,2,NA,0,0.5,1,1,0,0,0,321,438,NA,0.732876712,277,372,NA,0.744623656,,,,,,,,,155,247,NA,0.627530364,70,87,NA,0.804597701,96,104,NA,0.923076923,,,,,,,,,,,,,,,,,,,,,,,,,,,,,,,,,,,,,,,,,,,132,208,NA,0.634615385,58,69,NA,0.84057971,87,95,NA,0.915789474,,182,233,NA,0.78111588,7.259770797,3.266353554,5.47387565,77,114,NA,0.675438596,39,47,NA,0.829787234,66,72,NA,0.916666667,9,28,NA,NA,0.321428571,,,11,31,NA,NA,0.35483871,1,2,NA,NA,NA,0.5,21,29,NA,NA,0.724137931,4,9,0.444444444,0,0,8,13,0.615384615,0,0,2,0,15,25,NA,19,6,0.76,17,22,45,NA,54,NA,33,21,0.611111111,10,15,25,NA,1,NA,215,26,92,NA,66,26,14,NA,NA,26,NA,16,NA,0,,11,3,0,0,0,1,,,,,3,3,6,0.5,1,0,1,1,3,3,0,4,0,0,1,0,3,3,0,0,0,0,1,1,0,,0,1,16,22,0.727272727,5,6,0.833333333,0,2,0,7,8,0.875
US.FRA.030717,,FRA,18,995,11,3,12,NA,0.666666667,3,0,4,2,6,0.5,,,,,,,1,1,1,0,NA,NA,1,NA,1,0,0,0,0,0,0,185,295,NA,0.627118644,156,249,NA,0.626506024,,,,,,,,,91,179,NA,0.508379888,41,54,NA,0.759259259,53,62,NA,0.85483871,,,,,,,,,,,,,,,,,,,,,,,,,,,,,,,,,,,,,,,,,,,74,147,NA,0.503401361,32,43,NA,0.744186047,50,59,NA,0.847457627,,110,175,NA,0.628571429,10.09892157,2.703522409,5.197556022,48,100,NA,0.48,26,31,NA,0.838709677,37,45,NA,0.822222222,7,13,NA,NA,0.538461538,,,10,31,NA,NA,0.322580645,2,3,NA,NA,NA,0.666666667,16,23,NA,NA,0.695652174,5,7,0.714285714,0,0,4,7,0.571428571,0,0,0,0,7,16,NA,4,12,0.25,11,12,35,NA,51,NA,20,31,0.392156863,10,14,24,NA,13,NA,308,36,97,NA,65,29,19,NA,NA,29,NA,42,NA,0,,3,10,1,0,1,0,,,,,3,0,4,0,1,1,0,0,2,2,0,2,0,0,1,0,0,0,0,0,0,0,0,0,0,,0,0,9,21,0.428571429,2,2,1,0,2,0,3,7,0.428571429
US.GER.030117,,USA,14,1026,11,1,17,NA,0.470588235,5,0,9,2,12,0.705882353,,,,,,,0,2,0,0,NA,NA,3,NA,0,0,0,2,1,0,0,429,525,NA,0.817142857,403,486,NA,0.829218107,,,,,,,,,213,290,NA,0.734482759,77,92,NA,0.836956522,139,143,NA,0.972027972,,,,,,,,,,,,,,,,,,,,,,,,,,,,,,,,,,,,,,,,,,,195,263,NA,0.741444867,73,84,NA,0.869047619,135,139,NA,0.971223022,,236,293,NA,0.805460751,8.537674372,1.742227912,3.720097715,109,155,NA,0.703225806,40,47,NA,0.85106383,87,91,NA,0.956043956,4,19,NA,NA,0.210526316,,,13,28,NA,NA,0.464285714,2,3,NA,NA,NA,0.666666667,16,21,NA,NA,0.761904762,2,6,0.333333333,0,0,2,2,1,0,0,2,0,4,38,NA,30,8,0.789473684,18,14,40,NA,38,NA,15,23,0.394736842,6,15,21,NA,14,NA,288,59,83,NA,50,31,15,NA,NA,37,NA,15,NA,0,,4,9,0,0,0,0,,,,,4,0,4,0,0,0,0,0,2,2,0,4,0,0,0,0,2,2,0,0,0,0,0,0,0,,0,0,15,21,0.714285714,5,6,0.833333333,0,0,NA,2,5,0.4
US.GER.030117,,GER,15,1119,12,0,10,NA,0.6,4,0,4,2,6,0.6,,,,,,,0,0,0,0,NA,NA,0,NA,0,NA,0,0,0,0,0,300,408,NA,0.735294118,273,369,NA,0.739837398,,,,,,,,,140,221,NA,0.633484163,59,79,NA,0.746835443,101,108,NA,0.935185185,,,,,,,,,,,,,,,,,,,,,,,,,,,,,,,,,,,,,,,,,,,119,190,NA,0.626315789,57,75,NA,0.76,97,104,NA,0.932692308,,178,238,NA,0.74789916,7.235902164,3.155615349,4.608482487,75,118,NA,0.63559322,34,46,NA,0.739130435,69,74,NA,0.932432432,2,17,NA,NA,0.117647059,,,17,48,NA,NA,0.354166667,1,1,NA,NA,NA,1,15,19,NA,NA,0.789473684,2,4,0.5,0,0,3,4,0.75,0,0,0,0,4,21,NA,13,8,0.619047619,11,11,30,NA,41,NA,21,20,0.512195122,16,9,25,NA,30,NA,373,72,88,NA,51,36,9,NA,NA,39,NA,21,NA,0,,9,2,2,0,0,0,,,,,5,1,6,0.166666667,0,0,0,0,1,1,0,1,0,0,2,0,0,0,0,0,0,0,0,0,0,,0,0,18,40,0.45,2,2,1,0,0,NA,6,12,0.5
US.ENG.030417,,USA,16,1017,11,0,11,NA,0.545454545,2,0,5,4,4,0.363636364,,,,,,,0,1,0,0,NA,NA,1,NA,0,1,1,0,0,0,0,392,501,NA,0.78243513,364,461,NA,0.789587852,,,,,,,,,178,253,NA,0.703557312,104,130,NA,0.8,110,118,NA,0.93220339,,,,,,,,,,,,,,,,,,,,,,,,,,,,,,,,,,,,,,,,,,,163,228,NA,0.714912281,95,119,NA,0.798319328,106,114,NA,0.929824561,,239,292,NA,0.818493151,6.852184621,4.402316434,4.745498945,100,132,NA,0.757575758,67,83,NA,0.807228916,72,77,NA,0.935064935,6,25,NA,NA,0.24,,,7,18,NA,NA,0.388888889,2,3,NA,NA,NA,0.666666667,16,23,NA,NA,0.695652174,1,2,0.5,0,0,5,8,0.625,0,0,0,0,8,38,NA,30,8,0.789473684,15,11,34,NA,37,NA,21,16,0.567567568,12,16,28,NA,9,NA,232,26,92,NA,57,35,24,NA,NA,15,NA,22,NA,2,,5,4,0,0,0,0,,,,,2,1,3,0.333333333,1,1,0,0,2,2,0,1,0,0,0,0,1,1,0,0,0,0,0,0,0,,0,0,10,12,0.833333333,2,2,1,0,1,0,4,4,1
US.ENG.030417,,ENG,16,1017,11,1,11,NA,0.454545455,2,0,6,2,8,0.727272727,,,,,,,0,0,0,0,NA,NA,1,NA,0,1,1,0,0,0,0,246,346,NA,0.710982659,227,303,NA,0.749174917,,,,,,,,,114,191,NA,0.596858639,70,86,NA,0.813953488,62,69,NA,0.898550725,,,,,,,,,,,,,,,,,,,,,,,,,,,,,,,,,,,,,,,,,,,99,154,NA,0.642857143,67,81,NA,0.827160494,61,68,NA,0.897058824,,145,190,NA,0.763157895,8.39579839,3.122078835,2.482122775,64,97,NA,0.659793814,42,50,NA,0.84,39,43,NA,0.906976744,2,17,NA,NA,0.117647059,,,17,44,NA,NA,0.386363636,1,1,NA,NA,NA,1,11,21,NA,NA,0.523809524,0,2,0,0,0,2,9,0.222222222,0,0,1,0,10,20,NA,10,10,0.5,17,8,35,NA,39,NA,15,24,0.384615385,17,9,26,NA,27,NA,365,26,102,NA,67,35,20,NA,NA,34,NA,25,NA,0,,4,5,1,0,0,0,,,,,2,0,2,0,1,1,0,0,0,0,0,1,0,0,2,0,0,0,0,0,0,0,0,0,0,,2,0,9,19,0.473684211,0,0,NA,2,3,0.666666667,4,11,0.363636364
,,,,,,,,,,,,,,,,,,,,,,,,,,,,,,,,,,,,,,,,,,,,,,,,,,,,,,,,,,,,,,,,,,,,,,,,,,,,,,,,,,,,,,,,,,,,,,,,,,,,,,,,,,,,,,,,,,,,,,,,,,,,,,,,,,,,,,,,,,,,,,,,,,,,,,,,,,,,,,,,,,,,,,,,,,,,,,,,,,,,,,,,,,,,,,,,,,,,,,,,,,,,,,,,,,,,,,,,,,,,,,,,,,,,,,,,,,,,,,,,,,,,,,,,,,,,,,,,,,,
,,,,,,,,,,,,,,,,,,,,,,,,,,,,,,,,,,,,,,,,,,,,,,,,,,,,,,,,,,,,,,,,,,,,,,,,,,,,,,,,,,,,,,,,,,,,,,,,,,,,,,,,,,,,,,,,,,,,,,,,,,,,,,,,,,,,,,,,,,,,,,,,,,,,,,,,,,,,,,,,,,,,,,,,,,,,,,,,,,,,,,,,,,,,,,,,,,,,,,,,,,,,,,,,,,,,,,,,,,,,,,,,,,,,,,,,,,,,,,,,,,,,,,,,,,,,,,,,,,,
,,,,,,,,,,,,,,,,,,,,,,,,,,,,,,,,,,,,,,,,,,,,,,,,,,,,,,,,,,,,,,,,,,,,,,,,,,,,,,,,,,,,,,,,,,,,,,,,,,,,,,,,,,,,,,,,,,,,,,,,,,,,,,,,,,,,,,,,,,,,,,,,,,,,,,,,,,,,,,,,,,,,,,,,,,,,,,,,,,,,,,,,,,,,,,,,,,,,,,,,,,,,,,,,,,,,,,,,,,,,,,,,,,,,,,,,,,,,,,,,,,,,,,,,,,,,,,,,,,,
,,,,,,,,,,,,,,,,,,,,,,,,,,,,,,,,,,,,,,,,,,,,,,,,,,,,,,,,,,,,,,,,,,,,,,,,,,,,,,,,,,,,,,,,,,,,,,,,,,,,,,,,,,,,,,,,,,,,,,,,,,,,,,,,,,,,,,,,,,,,,,,,,,,,,,,,,,,,,,,,,,,,,,,,,,,,,,,,,,,,,,,,,,,,,,,,,,,,,,,,,,,,,,,,,,,,,,,,,,,,,,,,,,,,,,,,,,,,,,,,,,,,,,,,,,,,,,,,,,,
,,,,,,,,,,,,,,,,,,,,,,,,,,,,,,,,,,,,,,,,,,,,,,,,,,,,,,,,,,,,,,,,,,,,,,,,,,,,,,,,,,,,,,,,,,,,,,,,,,,,,,,,,,,,,,,,,,,,,,,,,,,,,,,,,,,,,,,,,,,,,,,,,,,,,,,,,,,,,,,,,,,,,,,,,,,,,,,,,,,,,,,,,,,,,,,,,,,,,,,,,,,,,,,,,,,,,,,,,,,,,,,,,,,,,,,,,,,,,,,,,,,,,,,,,,,,,,,,,,,
,,,,,,,,,,,,,,,,,,,,,,,,,,,,,,,,,,,,,,,,,,,,,,,,,,,,,,,,,,,,,,,,,,,,,,,,,,,,,,,,,,,,,,,,,,,,,,,,,,,,,,,,,,,,,,,,,,,,,,,,,,,,,,,,,,,,,,,,,,,,,,,,,,,,,,,,,,,,,,,,,,,,,,,,,,,,,,,,,,,,,,,,,,,,,,,,,,,,,,,,,,,,,,,,,,,,,,,,,,,,,,,,,,,,,,,,,,,,,,,,,,,,,,,,,,,,,,,,,,,
,,,,,,,,,,,,,,,,,,,,,,,,,,,,,,,,,,,,,,,,,,,,,,,,,,,,,,,,,,,,,,,,,,,,,,,,,,,,,,,,,,,,,,,,,,,,,,,,,,,,,,,,,,,,,,,,,,,,,,,,,,,,,,,,,,,,,,,,,,,,,,,,,,,,,,,,,,,,,,,,,,,,,,,,,,,,,,,,,,,,,,,,,,,,,,,,,,,,,,,,,,,,,,,,,,,,,,,,,,,,,,,,,,,,,,,,,,,,,,,,,,,,,,,,,,,,,,,,,,,
,,,,,,,,,,,,,,,,,,,,,,,,,,,,,,,,,,,,,,,,,,,,,,,,,,,,,,,,,,,,,,,,,,,,,,,,,,,,,,,,,,,,,,,,,,,,,,,,,,,,,,,,,,,,,,,,,,,,,,,,,,,,,,,,,,,,,,,,,,,,,,,,,,,,,,,,,,,,,,,,,,,,,,,,,,,,,,,,,,,,,,,,,,,,,,,,,,,,,,,,,,,,,,,,,,,,,,,,,,,,,,,,,,,,,,,,,,,,,,,,,,,,,,,,,,,,,,,,,,,
,,,,,,,,,,,,,,,,,,,,,,,,,,,,,,,,,,,,,,,,,,,,,,,,,,,,,,,,,,,,,,,,,,,,,,,,,,,,,,,,,,,,,,,,,,,,,,,,,,,,,,,,,,,,,,,,,,,,,,,,,,,,,,,,,,,,,,,,,,,,,,,,,,,,,,,,,,,,,,,,,,,,,,,,,,,,,,,,,,,,,,,,,,,,,,,,,,,,,,,,,,,,,,,,,,,,,,,,,,,,,,,,,,,,,,,,,,,,,,,,,,,,,,,,,,,,,,,,,,,
,,,,,,,,,,,,,,,,,,,,,,,,,,,,,,,,,,,,,,,,,,,,,,,,,,,,,,,,,,,,,,,,,,,,,,,,,,,,,,,,,,,,,,,,,,,,,,,,,,,,,,,,,,,,,,,,,,,,,,,,,,,,,,,,,,,,,,,,,,,,,,,,,,,,,,,,,,,,,,,,,,,,,,,,,,,,,,,,,,,,,,,,,,,,,,,,,,,,,,,,,,,,,,,,,,,,,,,,,,,,,,,,,,,,,,,,,,,,,,,,,,,,,,,,,,,,,,,,,,,
,,,,,,,,,,,,,,,,,,,,,,,,,,,,,,,,,,,,,,,,,,,,,,,,,,,,,,,,,,,,,,,,,,,,,,,,,,,,,,,,,,,,,,,,,,,,,,,,,,,,,,,,,,,,,,,,,,,,,,,,,,,,,,,,,,,,,,,,,,,,,,,,,,,,,,,,,,,,,,,,,,,,,,,,,,,,,,,,,,,,,,,,,,,,,,,,,,,,,,,,,,,,,,,,,,,,,,,,,,,,,,,,,,,,,,,,,,,,,,,,,,,,,,,,,,,,,,,,,,,
,,,,,,,,,,,,,,,,,,,,,,,,,,,,,,,,,,,,,,,,,,,,,,,,,,,,,,,,,,,,,,,,,,,,,,,,,,,,,,,,,,,,,,,,,,,,,,,,,,,,,,,,,,,,,,,,,,,,,,,,,,,,,,,,,,,,,,,,,,,,,,,,,,,,,,,,,,,,,,,,,,,,,,,,,,,,,,,,,,,,,,,,,,,,,,,,,,,,,,,,,,,,,,,,,,,,,,,,,,,,,,,,,,,,,,,,,,,,,,,,,,,,,,,,,,,,,,,,,,,
,,,,,,,,,,,,,,,,,,,,,,,,,,,,,,,,,,,,,,,,,,,,,,,,,,,,,,,,,,,,,,,,,,,,,,,,,,,,,,,,,,,,,,,,,,,,,,,,,,,,,,,,,,,,,,,,,,,,,,,,,,,,,,,,,,,,,,,,,,,,,,,,,,,,,,,,,,,,,,,,,,,,,,,,,,,,,,,,,,,,,,,,,,,,,,,,,,,,,,,,,,,,,,,,,,,,,,,,,,,,,,,,,,,,,,,,,,,,,,,,,,,,,,,,,,,,,,,,,,,
,,,,,,,,,,,,,,,,,,,,,,,,,,,,,,,,,,,,,,,,,,,,,,,,,,,,,,,,,,,,,,,,,,,,,,,,,,,,,,,,,,,,,,,,,,,,,,,,,,,,,,,,,,,,,,,,,,,,,,,,,,,,,,,,,,,,,,,,,,,,,,,,,,,,,,,,,,,,,,,,,,,,,,,,,,,,,,,,,,,,,,,,,,,,,,,,,,,,,,,,,,,,,,,,,,,,,,,,,,,,,,,,,,,,,,,,,,,,,,,,,,,,,,,,,,,,,,,,,,,
,,,,,,,,,,,,,,,,,,,,,,,,,,,,,,,,,,,,,,,,,,,,,,,,,,,,,,,,,,,,,,,,,,,,,,,,,,,,,,,,,,,,,,,,,,,,,,,,,,,,,,,,,,,,,,,,,,,,,,,,,,,,,,,,,,,,,,,,,,,,,,,,,,,,,,,,,,,,,,,,,,,,,,,,,,,,,,,,,,,,,,,,,,,,,,,,,,,,,,,,,,,,,,,,,,,,,,,,,,,,,,,,,,,,,,,,,,,,,,,,,,,,,,,,,,,,,,,,,,,
,,,,,,,,,,,,,,,,,,,,,,,,,,,,,,,,,,,,,,,,,,,,,,,,,,,,,,,,,,,,,,,,,,,,,,,,,,,,,,,,,,,,,,,,,,,,,,,,,,,,,,,,,,,,,,,,,,,,,,,,,,,,,,,,,,,,,,,,,,,,,,,,,,,,,,,,,,,,,,,,,,,,,,,,,,,,,,,,,,,,,,,,,,,,,,,,,,,,,,,,,,,,,,,,,,,,,,,,,,,,,,,,,,,,,,,,,,,,,,,,,,,,,,,,,,,,,,,,,,,
,,,,,,,,,,,,,,,,,,,,,,,,,,,,,,,,,,,,,,,,,,,,,,,,,,,,,,,,,,,,,,,,,,,,,,,,,,,,,,,,,,,,,,,,,,,,,,,,,,,,,,,,,,,,,,,,,,,,,,,,,,,,,,,,,,,,,,,,,,,,,,,,,,,,,,,,,,,,,,,,,,,,,,,,,,,,,,,,,,,,,,,,,,,,,,,,,,,,,,,,,,,,,,,,,,,,,,,,,,,,,,,,,,,,,,,,,,,,,,,,,,,,,,,,,,,,,,,,,,,
,,,,,,,,,,,,,,,,,,,,,,,,,,,,,,,,,,,,,,,,,,,,,,,,,,,,,,,,,,,,,,,,,,,,,,,,,,,,,,,,,,,,,,,,,,,,,,,,,,,,,,,,,,,,,,,,,,,,,,,,,,,,,,,,,,,,,,,,,,,,,,,,,,,,,,,,,,,,,,,,,,,,,,,,,,,,,,,,,,,,,,,,,,,,,,,,,,,,,,,,,,,,,,,,,,,,,,,,,,,,,,,,,,,,,,,,,,,,,,,,,,,,,,,,,,,,,,,,,,,
,,,,,,,,,,,,,,,,,,,,,,,,,,,,,,,,,,,,,,,,,,,,,,,,,,,,,,,,,,,,,,,,,,,,,,,,,,,,,,,,,,,,,,,,,,,,,,,,,,,,,,,,,,,,,,,,,,,,,,,,,,,,,,,,,,,,,,,,,,,,,,,,,,,,,,,,,,,,,,,,,,,,,,,,,,,,,,,,,,,,,,,,,,,,,,,,,,,,,,,,,,,,,,,,,,,,,,,,,,,,,,,,,,,,,,,,,,,,,,,,,,,,,,,,,,,,,,,,,,,
,,,,,,,,,,,,,,,,,,,,,,,,,,,,,,,,,,,,,,,,,,,,,,,,,,,,,,,,,,,,,,,,,,,,,,,,,,,,,,,,,,,,,,,,,,,,,,,,,,,,,,,,,,,,,,,,,,,,,,,,,,,,,,,,,,,,,,,,,,,,,,,,,,,,,,,,,,,,,,,,,,,,,,,,,,,,,,,,,,,,,,,,,,,,,,,,,,,,,,,,,,,,,,,,,,,,,,,,,,,,,,,,,,,,,,,,,,,,,,,,,,,,,,,,,,,,,,,,,,,
,,,,,,,,,,,,,,,,,,,,,,,,,,,,,,,,,,,,,,,,,,,,,,,,,,,,,,,,,,,,,,,,,,,,,,,,,,,,,,,,,,,,,,,,,,,,,,,,,,,,,,,,,,,,,,,,,,,,,,,,,,,,,,,,,,,,,,,,,,,,,,,,,,,,,,,,,,,,,,,,,,,,,,,,,,,,,,,,,,,,,,,,,,,,,,,,,,,,,,,,,,,,,,,,,,,,,,,,,,,,,,,,,,,,,,,,,,,,,,,,,,,,,,,,,,,,,,,,,,,
,,,,,,,,,,,,,,,,,,,,,,,,,,,,,,,,,,,,,,,,,,,,,,,,,,,,,,,,,,,,,,,,,,,,,,,,,,,,,,,,,,,,,,,,,,,,,,,,,,,,,,,,,,,,,,,,,,,,,,,,,,,,,,,,,,,,,,,,,,,,,,,,,,,,,,,,,,,,,,,,,,,,,,,,,,,,,,,,,,,,,,,,,,,,,,,,,,,,,,,,,,,,,,,,,,,,,,,,,,,,,,,,,,,,,,,,,,,,,,,,,,,,,,,,,,,,,,,,,,,
,,,,,,,,,,,,,,,,,,,,,,,,,,,,,,,,,,,,,,,,,,,,,,,,,,,,,,,,,,,,,,,,,,,,,,,,,,,,,,,,,,,,,,,,,,,,,,,,,,,,,,,,,,,,,,,,,,,,,,,,,,,,,,,,,,,,,,,,,,,,,,,,,,,,,,,,,,,,,,,,,,,,,,,,,,,,,,,,,,,,,,,,,,,,,,,,,,,,,,,,,,,,,,,,,,,,,,,,,,,,,,,,,,,,,,,,,,,,,,,,,,,,,,,,,,,,,,,,,,,
,,,,,,,,,,,,,,,,,,,,,,,,,,,,,,,,,,,,,,,,,,,,,,,,,,,,,,,,,,,,,,,,,,,,,,,,,,,,,,,,,,,,,,,,,,,,,,,,,,,,,,,,,,,,,,,,,,,,,,,,,,,,,,,,,,,,,,,,,,,,,,,,,,,,,,,,,,,,,,,,,,,,,,,,,,,,,,,,,,,,,,,,,,,,,,,,,,,,,,,,,,,,,,,,,,,,,,,,,,,,,,,,,,,,,,,,,,,,,,,,,,,,,,,,,,,,,,,,,,,
,,,,,,,,,,,,,,,,,,,,,,,,,,,,,,,,,,,,,,,,,,,,,,,,,,,,,,,,,,,,,,,,,,,,,,,,,,,,,,,,,,,,,,,,,,,,,,,,,,,,,,,,,,,,,,,,,,,,,,,,,,,,,,,,,,,,,,,,,,,,,,,,,,,,,,,,,,,,,,,,,,,,,,,,,,,,,,,,,,,,,,,,,,,,,,,,,,,,,,,,,,,,,,,,,,,,,,,,,,,,,,,,,,,,,,,,,,,,,,,,,,,,,,,,,,,,,,,,,,,
,,,,,,,,,,,,,,,,,,,,,,,,,,,,,,,,,,,,,,,,,,,,,,,,,,,,,,,,,,,,,,,,,,,,,,,,,,,,,,,,,,,,,,,,,,,,,,,,,,,,,,,,,,,,,,,,,,,,,,,,,,,,,,,,,,,,,,,,,,,,,,,,,,,,,,,,,,,,,,,,,,,,,,,,,,,,,,,,,,,,,,,,,,,,,,,,,,,,,,,,,,,,,,,,,,,,,,,,,,,,,,,,,,,,,,,,,,,,,,,,,,,,,,,,,,,,,,,,,,,
